[5284, 8501, 5223, 3258, 3411, 8834, 8868, 7600, 9455, 844, 5910, 8425, 2297, 5590, 8818, 4474, 9709, 9810, 8056, 1070, 2463, 7997, 9850, 2460, 7815, 4139, 2769, 9205, 8439, 3382, 4947, 5886, 6817, 9180, 8190, 7614, 5564, 175, 9315, 1182, 4113, 313, 1793, 4863, 1745, 4154, 3294, 2256, 875, 7354, 5440, 1809, 8051, 6417, 3896, 6519, 5828, 8346, 779, 9781, 4309, 4019, 9293, 9935, 7772, 4298, 2093, 5897, 1081, 7805, 1221, 1521, 6206, 9156, 3184, 1392, 6976, 6150, 6019, 3018, 4656, 6588, 3299, 4041, 224, 7938, 9584, 3994, 4353, 9332, 8934, 4485, 1831, 7999, 5270, 4962, 5101, 5389, 3975, 4880, 4550, 5475, 441, 9108, 7082, 9471, 9939, 2594, 7958, 7481, 2444, 1580, 3135, 4003, 413, 9287, 1504, 2267, 5308, 6194, 5544, 2888, 5592, 4104, 9942, 8678, 8525, 6220, 638, 3456, 7044, 6524, 9122, 4662, 1416, 4950, 3416, 4193, 226, 2647, 8527, 7989, 7455, 2363, 358, 4537, 8528, 7297, 7354, 4378, 6678, 3220, 3235, 1470, 5298, 6380, 9767, 4418, 9267, 6983, 6807, 7641, 9680, 7794, 3481, 4010, 6839, 4740, 9411, 6237, 3284, 8801, 4006, 7200, 4866, 1755, 1076, 1616, 7792, 3549, 3847, 5330, 7261, 4049, 5080, 99, 2309, 5412, 638, 8533, 7126, 7278, 1803, 7545, 2949, 3748, 8492, 6030, 9634, 3164, 3498, 1924, 1751, 3132, 1601, 5680, 2183, 8671, 6030, 1628, 2776, 2466, 5321, 6414, 8292, 516, 5078, 5554, 4943, 5733, 9912, 2200, 4163, 2542, 6722, 1687, 8373, 737, 1849, 8170, 987, 2143, 6567, 7876, 6400, 3617, 1826, 5929, 3077, 7112, 548, 8694, 5104, 6340, 1594, 525, 5645, 8701, 8428, 9088, 3659, 4219, 3593, 3659, 3651, 9082, 6970, 4748, 8570, 947, 2774, 7386, 9167, 914, 3976, 7490, 2902, 5990, 5921, 9911, 1189, 755, 4360, 8512, 7063, 2122, 1276, 6114, 9019, 7786, 2481, 4796, 9060, 2400, 8229, 3371, 5993, 1635, 8315, 9969, 5382, 7006, 4445, 2417, 1991, 8612, 5873, 1039, 7992, 6794, 663, 5559, 7137, 3771, 4297, 2659, 3414, 3022, 2151, 3684, 3775, 3820, 2475, 957, 6395, 5417, 3248, 8486, 9745, 5348, 9134, 6215, 3092, 3416, 1529, 6747, 8430, 876, 1078, 4821, 5633, 38, 952, 9560, 8487, 1417, 1306, 2623, 5138, 1938, 2770, 7742, 2615, 1066, 3806, 2393, 331, 7765, 9818, 8766, 5349, 8757, 8408, 2536, 3724, 2776, 2321, 332, 8483, 2476, 6708, 6979, 6078, 7804, 3945, 5146, 3629, 7255, 242, 9439, 2581, 228, 2837, 6535, 2451, 9386, 705, 3693, 8216, 471, 492, 2398, 2289, 5099, 5999, 9061, 4695, 3360, 2580, 419, 7408, 2928, 9702, 1583, 9729, 3136, 2351, 5742, 9452, 5654, 7455, 6955, 7882, 6134, 2437, 9210, 8124, 5131, 4714, 1375, 8637, 7854, 2974, 515, 4915, 352, 1131, 2371, 6450, 4230, 9636, 6538, 6793, 5143, 258, 3136, 1155, 1946, 7495, 3338, 8526, 5023, 5696, 3172, 6617, 1113, 2652, 4731, 151, 7551, 9038, 7777, 7964, 1447, 9838, 4390, 3796, 103, 4299, 7474, 8531, 2417, 5449, 970, 8728, 5551, 5019, 5094, 4193, 1615, 3458, 7625, 7682, 1732, 1143, 4726, 5292, 5653, 7180, 1699, 8851, 8194, 4141, 6852, 3023, 5571, 8918, 5812, 6205, 366, 1560, 4911, 8921, 1114, 7698, 5419, 1900, 5235, 8730, 8353, 8587, 9158, 1035, 994, 7365, 3762, 4899, 8814, 3025, 3085]
[9011, 4288, 4232, 1324, 8509, 4671, 7346, 2432, 5449, 6821, 7942, 5238, 3792, 5610, 8643, 4647, 9716, 414, 5111, 2091, 872, 8921, 4976, 7257, 3798, 7480, 2298, 4307, 5581, 1774, 2902, 3685, 7550, 9348, 3002, 72, 9983, 957, 3140, 8611, 8871, 7298, 9725, 9227, 2236, 3551, 9077, 9330, 4845, 4451, 9090, 7199, 5404, 8906, 4664, 7055, 2932, 8769, 8416, 2661, 3783, 7877, 6705, 3, 4836, 5030, 6040, 3185, 3186, 8777, 7658, 8581, 1349, 7802, 2882, 9332, 3119, 8969, 5766, 1152, 8049, 7428, 4195, 8809, 2717, 5095, 4219, 2427, 1498, 7236, 8021, 3841, 4616, 7975, 7758, 7419, 2331, 5517, 1415, 1658, 806, 2545, 857, 6859, 3786, 7483, 9799, 5653, 5610, 9580, 8370, 2579, 5099, 7914, 1231, 2940, 7526, 1303, 6845, 1359, 1105, 8003, 7015, 7424, 6224, 7404, 916, 755, 6511, 5146, 9047, 7696, 3055, 9237, 3077, 6917, 4212, 6137, 4180, 8507, 6876, 692, 6190, 6036, 291, 7871, 8670, 8276, 9800, 8338, 1267, 4686, 29, 8550, 2868, 864, 3365, 6939, 4836, 3514, 7388, 4385, 2047, 8241, 4013, 463, 3742, 5064, 855, 7727, 8549, 4032, 1115, 8381, 4088, 4798, 4169, 8250, 2009, 6566, 6798, 6460, 3635, 6931, 1050, 9078, 4623, 9454, 1812, 6224, 1894, 2956, 5497, 2096, 1620, 1959, 1172, 5098, 6700, 10, 688, 6014, 9398, 4497, 7390, 3464, 7194, 601, 5139, 780, 1433, 8180, 6385, 6138, 1726, 9462, 1179, 6295, 12, 593, 4862, 7388, 6894, 1664, 6428, 9350, 1351, 7537, 5816, 7713, 1490, 5885, 1236, 547, 5437, 3223, 4690, 1992, 1752, 6179, 1116, 8125, 8559, 1617, 1036, 1681, 1764, 6306, 483, 6332, 1600, 634, 3814, 1480, 8815, 3276, 4052, 9197, 2901, 4542, 5785, 1828, 4455, 9868, 5480, 4277, 6460, 5383, 3138, 2907, 3218, 2412, 6983, 4200, 9437, 2687, 853, 9883, 3738, 9513, 588, 8918, 6443, 7992, 6700, 4783, 6601, 5470, 7029, 7231, 9119, 57, 8394, 179, 9844, 883, 3699, 4372, 5681, 3283, 6125, 5361, 5313, 747, 4399, 3621, 5165, 1825, 7618, 2485, 998, 6051, 8676, 4296, 7108, 8866, 1088, 7756, 9836, 7656, 6521, 9749, 9964, 2828, 8903, 3177, 9962, 6706, 770, 632, 1534, 835, 8362, 5288, 3163, 3073, 561, 5337, 3061, 9955, 4737, 667, 6572, 3631, 9874, 9336, 802, 9568, 3521, 6720, 4752, 9486, 4096, 7352, 7278, 5318, 8905, 9990, 2921, 875, 9293, 2171, 3614, 7566, 14, 5467, 2248, 4435, 5708, 4006, 7624, 6443, 2800, 1065, 2873, 9969, 1445, 3304, 8162, 5878, 6548, 6647, 863, 4685, 8084, 1069, 9976, 6792, 4882, 4684, 3991, 8649, 5745, 7061, 3080, 3289, 4299, 4481, 5826, 1955, 1538, 9400, 662, 6495, 6919, 653, 7504, 4819, 4533, 5013, 8483, 1370, 9575, 4858, 7407, 1089, 845, 5141, 2496, 9139, 9582, 3758, 8083, 2734, 2348, 4022, 8377, 971, 138, 5555, 7297, 6968, 8892, 5497, 1592, 9002, 2576, 6722, 8897, 7387, 6413, 6845, 6703, 404, 4050, 4631, 9610, 8742, 4114, 6631, 4163, 9546, 9048, 4866, 2436, 6875, 7662, 3927, 148, 5751, 1182, 9511, 2725, 8358, 8440, 3675, 3294, 7631, 5296, 9648, 797, 7761, 8112, 401, 6913, 1470, 7603, 6137, 8779, 3412, 6380, 5620, 7482, 6689, 6979, 7470, 7263, 5949, 878, 7407, 8958, 8177, 4629, 320, 5657, 572, 3987, 6493, 370, 2790]
[111, 3590, 4138, 5892, 6332, 5335, 3747, 1457, 8164, 8250, 3959, 9953, 2500, 1548, 2024, 8871, 2547, 8531, 8119, 9338, 4694, 3843, 9863, 2726, 7870, 6872, 1698, 9774, 1150, 3606, 69, 652, 580, 2867, 2969, 4147, 7649, 561, 6984, 7537, 8858, 6655, 1872, 9501, 3543, 3610, 3930, 8390, 7112, 9917, 900, 8659, 7027, 8715, 3205, 4663, 3153, 2518, 2110, 8289, 7293, 6080, 6066, 7715, 9147, 5479, 7769, 5328, 6277, 9772, 8919, 147, 6737, 7990, 5210, 3362, 989, 8942, 5444, 2797, 754, 7705, 8016, 5780, 732, 3487, 5810, 4375, 6870, 6513, 5112, 9945, 7952, 3188, 4684, 4597, 3943, 4250, 8512, 6400, 4103, 6577, 2197, 7273, 9625, 9393, 4028, 292, 3212, 6525, 149, 8514, 7482, 8287, 7292, 307, 1317, 2188, 1038, 9110, 7753, 4520, 6520, 1585, 6701, 7009, 3529, 5480, 4625, 3827, 4200, 2282, 5087, 3363, 6701, 7811, 5450, 8249, 7767, 8487, 2816, 3484, 6079, 4707, 4316, 5914, 7074, 445, 9489, 1973, 3421, 4870, 5961, 1044, 604, 4474, 6900, 2318, 5816, 4909, 2611, 7362, 6271, 6400, 1546, 1684, 4204, 6280, 255, 7380, 4571, 4098, 7442, 4757, 684, 1631, 7035, 4664, 4791, 3811, 9456, 809, 3464, 3798, 7131, 6017, 118, 7997, 4963, 8165, 5438, 576, 8196, 375, 1984, 7011, 2005, 7293, 7205, 6367, 5683, 7110, 3476, 1708, 2743, 7481, 1445, 3737, 5213, 7830, 8422, 1194, 4201, 8770, 2379, 2869, 8347, 5782, 6827, 712, 6496, 6556, 7200, 8632, 7876, 3226, 7139, 6333, 1175, 8936, 4429, 8868, 8102, 3166, 1763, 7478, 8242, 3582, 6081, 5252, 3720, 6978, 6634, 5524, 4081, 4111, 2776, 9052, 7462, 9447, 2647, 5985, 5063, 3900, 7621, 1865, 4606, 2542, 7935, 2323, 7690, 5263, 4576, 9023, 9556, 9240, 1667, 6022, 1417, 9318, 8234, 2041, 873, 8290, 541, 247, 1938, 2640, 1077, 9400, 5499, 1101, 1067, 5121, 2904, 7247, 7827, 4704, 2936, 5162, 355, 4428, 791, 3475, 936, 490, 7642, 8802, 5710, 6148, 5153, 3732, 2459, 5032, 5261, 1725, 9101, 9466, 6871, 873, 591, 2693, 1126, 3304, 9707, 5597, 6234, 787, 7199, 1769, 8309, 8114, 7274, 8065, 1163, 8504, 8467, 624, 5761, 270, 2345, 1544, 8061, 1943, 4019, 168, 8056, 1060, 9069, 3724, 1238, 8127, 2718, 6027, 6943, 1957, 359, 8872, 1213, 778, 3711, 7599, 211, 9241, 8502, 3294, 932, 6994, 5321, 7870, 2952, 1916, 687, 3713, 4597, 6221, 7559, 8545, 2081, 5025, 3291, 6442, 2617, 9667, 1761, 8690, 7965, 7572, 630, 2450, 5625, 315, 436, 6788, 7852, 8913, 2031, 2628, 3150, 3539, 529, 833, 7323, 5981, 1195, 5123, 8389, 1181, 6040, 581, 8586, 9265, 8841, 8883, 8129, 1208, 5041, 1529, 837, 7407, 4584, 9751, 423, 7590, 2546, 1712, 2571, 8682, 512, 7591, 8203, 1413, 9238, 3496, 9471, 5340, 2311, 2572, 7252, 8342, 304, 9118, 4130, 1562, 2760, 2823, 4401, 95, 9526, 5020, 404, 8667, 7069, 5690, 7401, 4832, 6029, 1953, 2598, 1959, 942, 5323, 2382, 7662, 835, 303, 656, 6954, 9023, 6075, 3126, 4510, 5275, 4744, 7092, 6366, 8301, 6082, 4003, 719, 8984, 5145, 1811, 8600, 5784, 3881, 5808, 7739, 6293, 669, 2892, 9072, 7077, 8300, 3276, 5393, 4715, 6265, 9038, 9050, 8164, 6695, 9798, 6119, 1448, 5846, 4566, 1525, 3349, 5143]
[1454, 9683, 7720, 4075, 492, 1161, 3456, 3399, 5111, 55, 7814, 2482, 4503, 6172, 4064, 8600, 900, 3619, 5747, 7435, 1990, 4101, 6604, 2088, 7179, 8095, 3294, 8398, 9503, 2301, 7732, 6318, 9243, 5248, 8966, 3289, 2713, 2900, 6397, 5665, 2542, 493, 5835, 9197, 742, 4593, 4900, 2375, 1386, 3022, 2392, 5078, 7852, 8383, 7807, 9075, 5355, 207, 8519, 5549, 4156, 2278, 5710, 4838, 2748, 8794, 553, 7994, 2471, 7141, 4083, 5464, 6863, 5929, 7013, 9821, 1393, 2637, 3836, 9909, 4540, 2906, 2583, 3888, 1641, 1373, 3544, 3774, 341, 9365, 934, 7359, 7503, 7730, 9102, 2909, 3173, 9556, 5745, 9456, 4162, 4638, 7266, 482, 7475, 3385, 9354, 5132, 6723, 7224, 7285, 9466, 178, 7100, 4435, 3227, 4765, 6436, 2933, 8306, 3365, 7239, 7182, 4277, 6473, 265, 7949, 8529, 3557, 2644, 1639, 4783, 9011, 2323, 9019, 2597, 7795, 1336, 5311, 7433, 686, 5005, 4237, 4780, 8815, 9589, 7138, 2871, 684, 4204, 2869, 536, 9936, 121, 4997, 2650, 8910, 9918, 6461, 2045, 4731, 515, 30, 6999, 2915, 8716, 5885, 811, 7005, 643, 1506, 6174, 6558, 8737, 4646, 291, 4525, 6398, 9713, 279, 4274, 1901, 1007, 6194, 5908, 4388, 6199, 48, 8591, 2230, 2081, 255, 3703, 4274, 3428, 4666, 7043, 5389, 4245, 2954, 9446, 8050, 6216, 9687, 4525, 4965, 6710, 2114, 6087, 5666, 1062, 1922, 4307, 4220, 8545, 3236, 4429, 7431, 2686, 6479, 6050, 1821, 348, 7322, 1706, 9761, 5032, 5834, 6233, 4019, 7680, 8050, 794, 5207, 2901, 447, 5124, 5598, 334, 2238, 442, 3827, 3818, 1645, 5428, 5496, 1444, 6979, 8345, 8651, 9315, 4879, 7539, 7295, 6186, 9823, 7741, 6622, 7298, 7046, 2076, 387, 3684, 3523, 3453, 9972, 1613, 3089, 1150, 2194, 87, 8194, 1625, 3533, 9250, 9880, 4973, 3169, 7896, 7167, 2063, 3609, 8211, 3894, 8413, 9563, 805, 6235, 3631, 2021, 834, 2874, 2956, 9059, 7581, 9776, 9226, 3662, 1677, 6154, 4500, 1081, 552, 8381, 6827, 6681, 6460, 5886, 680, 7612, 6536, 2806, 8746, 5872, 5421, 4882, 9215, 6202, 4517, 8490, 1856, 9310, 5939, 3864, 9614, 9528, 3044, 5894, 4388, 807, 7189, 1705, 7645, 1233, 6883, 1508, 9212, 9538, 1385, 9970, 4509, 3141, 4130, 3422, 1429, 5311, 7210, 9872, 6241, 7889, 1195, 88, 6824, 3111, 6316, 2164, 9069, 5076, 9476, 5062, 5431, 6210, 6418, 1746, 3492, 8202, 5269, 7556, 3760, 892, 7095, 1845, 1026, 3583, 3567, 6415, 628, 1689, 3997, 4123, 3931, 1613, 1591, 8671, 8329, 9646, 4594, 584, 2798, 5372, 4863, 3511, 7659, 7581, 759, 5622, 2293, 5834, 8113, 7261, 2250, 8954, 1196, 8382, 3111, 7769, 7930, 1030, 3698, 6584, 5846, 9310, 3483, 1624, 7999, 5804, 5023, 9327, 4059, 5807, 544, 4448, 6808, 2694, 5599, 7938, 2057, 2992, 5211, 8212, 380, 6387, 8076, 638, 2784, 6212, 7444, 5680, 4231, 1078, 7629, 5107, 4283, 386, 1605, 6509, 7451, 3734, 9994, 3671, 8080, 1941, 1921, 4382, 6074, 5371, 3922, 9961, 8697, 4323, 4851, 4192, 7576, 8286, 5118, 9508, 4665, 3917, 1117, 7847, 9291, 8687, 4506, 6145, 4197, 4779, 3636, 9830, 6511, 4180, 4848, 1499, 1789, 6666, 8520, 7617, 484, 6214, 8752, 6711, 2873, 7822, 6132, 9116, 9091, 331, 7340, 3883, 1456, 4114]
[6492, 3171, 4691, 2270, 7957, 2867, 1842, 4975, 8327, 2083, 8653, 8569, 9349, 9555, 1768, 8327, 8929, 4773, 775, 4073, 8536, 2259, 9910, 721, 2444, 1580, 7123, 7057, 8207, 8636, 2662, 4484, 9512, 2513, 675, 6516, 2697, 3376, 7044, 2252, 8829, 8710, 9855, 8492, 3505, 194, 3263, 5346, 7303, 4266, 4148, 864, 7797, 8544, 5289, 1277, 1672, 1805, 9906, 6353, 4513, 3360, 3120, 2186, 6031, 7901, 8372, 4818, 9609, 994, 3204, 8392, 1899, 7986, 4045, 7513, 5451, 7921, 8490, 8542, 4412, 4385, 9700, 8793, 1905, 7352, 6980, 6297, 2802, 9548, 1241, 5452, 885, 9483, 9517, 9814, 4025, 277, 3678, 7380, 1159, 5655, 1939, 7137, 7179, 9467, 3423, 3546, 9813, 3378, 8453, 9273, 8085, 3683, 304, 3424, 1006, 438, 4111, 4193, 2041, 3575, 5508, 8290, 7895, 3791, 1356, 6953, 5610, 2556, 4023, 325, 5964, 2834, 659, 274, 8834, 8442, 8569, 2367, 675, 2409, 3287, 1537, 3509, 8936, 6089, 4620, 5572, 8903, 7925, 6734, 1881, 2712, 8545, 5920, 1749, 6269, 2885, 7488, 4713, 3541, 3132, 6781, 5254, 7316, 2461, 3969, 4051, 6221, 9948, 125, 6406, 922, 9792, 767, 8721, 2249, 9423, 3565, 4194, 3925, 2316, 3067, 5227, 3788, 5945, 7758, 8241, 2632, 7437, 8264, 6879, 7719, 5403, 8967, 1888, 6062, 6649, 2628, 9486, 7853, 3944, 7778, 2496, 7185, 8723, 9471, 934, 5844, 6121, 2894, 3876, 4408, 4220, 128, 8104, 6155, 2012, 8456, 5352, 1545, 6092, 1066, 4892, 1177, 3307, 8448, 8437, 4193, 8237, 5547, 1275, 7857, 3119, 6988, 4381, 6316, 4317, 8860, 1386, 8258, 1344, 6259, 7643, 6359, 3281, 1242, 1178, 3739, 1845, 1583, 7882, 4624, 8869, 4365, 3161, 4934, 9619, 4030, 7084, 6776, 9283, 2505, 1596, 5687, 5011, 388, 5115, 2898, 1642, 5, 7458, 6950, 1184, 2860, 6470, 2894, 7209, 6425, 9901, 3340, 4336, 509, 4782, 8408, 714, 6918, 4726, 7271, 1771, 7364, 7084, 842, 4860, 439, 7099, 3063, 1077, 7460, 2887, 3454, 3372, 6443, 8837, 6921, 4367, 7402, 3472, 1328, 2111, 1553, 1431, 8070, 2947, 4371, 7225, 3510, 6093, 5908, 8694, 17, 1056, 7403, 5633, 4511, 7439, 9485, 7947, 1373, 9032, 4764, 2365, 9224, 5053, 3380, 894, 611, 1583, 3132, 5119, 6120, 5305, 7378, 6906, 1727, 1631, 3110, 3653, 6365, 568, 3264, 9722, 7628, 2584, 7460, 768, 7481, 4858, 8202, 698, 9520, 4363, 7872, 7179, 6577, 4218, 7070, 646, 1402, 6966, 6783, 7977, 9459, 7612, 2194, 3648, 8952, 7898, 5172, 7952, 2181, 6244, 9355, 3294, 3005, 8989, 6062, 2719, 1342, 7691, 1072, 2152, 1816, 8192, 5709, 7339, 1339, 5591, 4662, 3928, 4514, 4229, 8763, 2510, 1208, 8008, 9435, 4187, 137, 8074, 3932, 8818, 544, 2440, 6614, 2344, 1045, 6177, 5031, 5925, 429, 5562, 2876, 1715, 1847, 8573, 2506, 7841, 8025, 812, 9890, 1894, 9138, 8781, 6891, 572, 9120, 7721, 9308, 5317, 2451, 2778, 3397, 6658, 5074, 2448, 2544, 6168, 32, 7329, 4919, 1819, 2607, 3678, 2629, 2457, 4167, 2146, 5591, 6839, 3987, 543, 2539, 5804, 3357, 3947, 308, 6464, 4121, 3472, 5827, 7521, 397, 4372, 8434, 1684, 4833, 450, 8045, 3987, 9495, 2112, 6755, 4993, 3135, 312, 3880, 7388, 335, 2779, 3817, 9770, 4040, 7832, 9490, 5983, 8513, 3225, 8987]
[1540, 291, 9080, 3521, 7745, 8151, 220, 8648, 7958, 9348, 1782, 4717, 2900, 8663, 483, 2612, 8439, 7363, 7116, 6913, 1959, 4436, 9946, 3975, 6067, 2421, 2561, 2013, 6594, 9048, 9343, 7162, 5542, 1265, 1500, 510, 778, 5070, 28, 6235, 5378, 2483, 7440, 153, 2836, 3988, 8560, 4245, 8871, 4456, 7653, 300, 4637, 3519, 5440, 6547, 9877, 2034, 5765, 1348, 8160, 5874, 8397, 6788, 5378, 3983, 5789, 4609, 7972, 6117, 6819, 1427, 4561, 3222, 4763, 3048, 7567, 3562, 8355, 4127, 8458, 5377, 9480, 3779, 7038, 9202, 9661, 5018, 6587, 5169, 5715, 8244, 5331, 2037, 1365, 8031, 2290, 7666, 1220, 9867, 3979, 3294, 1601, 6236, 7749, 8642, 5582, 4482, 5260, 2132, 2633, 5604, 8874, 2168, 9112, 691, 4378, 5586, 1241, 6192, 7433, 9046, 5269, 7628, 3597, 3499, 2353, 3798, 4918, 2646, 4936, 435, 6249, 344, 1529, 2422, 1385, 5190, 3951, 4590, 7365, 2838, 7872, 6590, 3025, 9491, 759, 7610, 8034, 7002, 1328, 288, 6880, 2084, 4234, 5004, 851, 579, 7142, 3357, 1998, 7606, 7799, 6226, 6124, 7453, 2914, 227, 9947, 5515, 5786, 4099, 2349, 6508, 201, 7512, 4086, 3585, 8145, 6685, 829, 3670, 4021, 9874, 897, 5576, 3459, 6324, 6839, 4069, 6020, 4434, 7182, 4903, 2730, 7579, 261, 9544, 7229, 2053, 1649, 3993, 5044, 5061, 9671, 1789, 3102, 7161, 3329, 8022, 9106, 6296, 4887, 5875, 7076, 4214, 8512, 423, 7388, 2980, 480, 2533, 9566, 1673, 5595, 964, 9318, 6191, 8376, 2300, 8603, 5931, 8715, 7963, 3768, 2355, 4842, 345, 4617, 2951, 7253, 618, 6910, 2096, 7261, 1880, 3502, 8876, 4846, 2740, 8060, 9702, 2383, 4581, 5755, 8389, 7687, 1463, 2381, 1784, 6611, 1444, 5464, 8589, 3688, 9200, 4993, 433, 1107, 4920, 8281, 2613, 1991, 1692, 5590, 5606, 4240, 7854, 7846, 5072, 6027, 2137, 9819, 3368, 1963, 8480, 4266, 1327, 7625, 4237, 378, 9899, 5015, 7344, 6007, 3503, 8390, 7684, 551, 8658, 2843, 5892, 4082, 6958, 8091, 9671, 9870, 370, 138, 322, 6696, 3458, 3610, 6836, 9038, 9757, 1720, 9097, 745, 6313, 6886, 7296, 7332, 8149, 8999, 2313, 3135, 9044, 9560, 5435, 251, 1088, 7977, 1743, 2660, 4473, 4069, 4824, 5331, 8865, 4451, 8009, 2306, 2016, 1265, 9048, 7936, 3454, 8697, 3515, 1292, 2956, 9170, 6251, 9240, 1791, 6946, 2707, 1149, 1357, 9807, 841, 6063, 2267, 5473, 3325, 5177, 1596, 3726, 6214, 4292, 2412, 6083, 828, 8648, 725, 6146, 2357, 246, 1108, 787, 8491, 2011, 8473, 4079, 8385, 3209, 1550, 6713, 2194, 9553, 2544, 9635, 8278, 280, 3313, 2759, 8802, 2890, 2774, 6830, 7767, 3143, 3070, 1717, 8295, 4608, 7602, 9960, 7454, 5109, 4204, 5133, 7245, 7898, 3037, 4388, 5864, 449, 1666, 9876, 2715, 3320, 3958, 3406, 4225, 5851, 705, 7372, 3283, 8421, 5007, 560, 3010, 8159, 6795, 9646, 3444, 5831, 5462, 1799, 3610, 1588, 1258, 5235, 3073, 8051, 1228, 649, 2676, 2937, 1698, 9312, 8478, 5584, 5630, 9896, 244, 9797, 9533, 397, 7014, 1163, 445, 4492, 8975, 566, 5013, 5959, 9349, 4873, 4202, 6970, 458, 6017, 1641, 6835, 2907, 9220, 6946, 996, 6354, 1455, 2196, 3692, 48, 7042, 2344, 6636, 8254, 5033, 8936, 8469, 4946, 1278, 6520, 8813, 8859, 9632, 4583]
[4410, 6305, 4864, 4363, 4313, 9578, 5813, 2959, 4007, 3074, 2763, 7382, 6739, 4273, 6831, 7845, 4545, 5805, 2061, 1338, 990, 3483, 8211, 4631, 4302, 5759, 1545, 9512, 4020, 1959, 8357, 6521, 4662, 6040, 1872, 7980, 1147, 9082, 3774, 6901, 760, 2044, 8559, 1593, 6182, 9335, 7557, 5325, 2126, 1799, 5102, 4513, 8035, 9901, 3349, 6105, 1371, 7996, 2243, 9870, 8637, 5370, 950, 7170, 894, 7904, 860, 8050, 8078, 4452, 973, 9699, 5830, 4821, 3750, 3487, 7556, 9958, 5006, 8652, 1496, 8402, 2497, 5387, 2662, 8681, 4369, 5608, 9807, 9750, 1474, 9408, 4807, 6334, 1592, 4795, 4655, 893, 8464, 6591, 2859, 2587, 7908, 6507, 9281, 2570, 2281, 8542, 3674, 7048, 9625, 1924, 9796, 1477, 7123, 1310, 5365, 5013, 2950, 2127, 977, 2569, 8934, 3982, 1607, 6926, 3727, 9097, 9777, 5036, 8075, 5045, 5757, 3642, 5958, 3237, 1632, 1579, 4197, 5134, 8191, 9170, 6085, 7571, 9926, 8919, 3416, 7092, 1803, 7571, 600, 8875, 862, 3982, 4974, 8346, 5285, 4820, 608, 7430, 8073, 6334, 8981, 7413, 3601, 7366, 2434, 717, 6211, 9563, 8264, 1980, 410, 151, 473, 8337, 5641, 5370, 2795, 3146, 2107, 3206, 2472, 5908, 2016, 3032, 6075, 6767, 8769, 5275, 3608, 1205, 1222, 32, 1333, 5431, 850, 6528, 9251, 4773, 2112, 7406, 8851, 3250, 5095, 3956, 6454, 4508, 3076, 416, 4906, 3898, 6701, 608, 5479, 527, 3837, 1732, 8423, 9811, 1187, 9858, 1337, 5931, 5428, 9390, 5091, 6262, 5627, 5525, 6534, 3808, 5564, 9304, 1040, 2872, 8105, 6236, 2427, 3878, 9572, 2079, 2366, 644, 3132, 7811, 9779, 508, 2406, 8391, 2834, 8809, 6776, 3605, 2943, 5584, 6620, 3324, 1244, 5574, 8427, 4151, 8383, 1091, 6562, 5901, 1804, 776, 6021, 5609, 613, 5752, 3907, 6974, 1524, 2884, 7348, 6651, 7530, 132, 1959, 584, 7059, 340, 1184, 2208, 2003, 472, 2137, 4840, 2662, 8108, 7722, 5221, 2444, 5732, 3788, 6452, 6077, 7871, 2776, 6744, 8310, 4143, 1238, 3240, 4929, 65, 5007, 7128, 6766, 4763, 3558, 6960, 1029, 2571, 1474, 8507, 5736, 4442, 3439, 2016, 9641, 4933, 3260, 9204, 6426, 6266, 1016, 2259, 1264, 8965, 4969, 1687, 6617, 504, 1244, 6423, 1534, 781, 5564, 7412, 2789, 3966, 5313, 5797, 7417, 4609, 39, 3513, 5089, 8958, 98, 4503, 807, 4417, 9939, 8159, 9944, 6984, 7519, 2537, 2961, 6053, 2258, 8383, 2055, 746, 2403, 7326, 8361, 2890, 7957, 7392, 1552, 6889, 6201, 6884, 5315, 8758, 3355, 7741, 4680, 7917, 1486, 8315, 5711, 396, 6639, 9710, 1474, 3932, 3784, 3851, 1686, 6353, 6552, 9684, 7954, 8054, 9068, 1801, 9860, 8657, 7023, 7627, 4437, 402, 8919, 2421, 1471, 8258, 568, 1980, 6357, 9424, 3740, 3736, 2991, 2971, 2674, 2138, 3470, 4300, 4004, 2561, 580, 3912, 5912, 1676, 1942, 5105, 3882, 6444, 4874, 1299, 5299, 6042, 1305, 6682, 893, 5237, 9393, 1409, 1795, 5400, 5315, 6060, 2994, 1101, 328, 667, 1204, 6814, 929, 6269, 841, 9917, 3630, 5355, 1294, 451, 2412, 3474, 3467, 7431, 6374, 1606, 3058, 8711, 4585, 9761, 5475, 2784, 6326, 3170, 3430, 5643, 9776, 2405, 4943, 5054, 8412, 9738, 1846, 164, 772, 8349, 9465, 8399, 2958, 9770, 227, 479, 6741, 3284, 3518, 6753, 1560, 25]
[7326, 3407, 6580, 5889, 2780, 9401, 1267, 4239, 6679, 2651, 3964, 9980, 1645, 6482, 2908, 8657, 3970, 7619, 3131, 1459, 9669, 4437, 2013, 4143, 8542, 9685, 6976, 5159, 6954, 3907, 3207, 1976, 2682, 8708, 2474, 5886, 7759, 2460, 9201, 3130, 4508, 2402, 4151, 8596, 3249, 9174, 7404, 945, 4555, 2253, 5625, 821, 177, 8207, 3904, 8968, 2594, 8557, 8851, 2847, 9480, 420, 4047, 6092, 3645, 2412, 9165, 9789, 667, 3337, 3533, 1838, 3600, 3626, 8178, 805, 1052, 9941, 6207, 9513, 7101, 6867, 5872, 23, 2075, 1609, 5324, 114, 8886, 3271, 6722, 3347, 9464, 1165, 7703, 8679, 3426, 5739, 1865, 5158, 7496, 7507, 453, 304, 447, 8127, 483, 1605, 4222, 5763, 1313, 68, 6466, 4816, 1617, 7206, 3483, 7479, 2649, 8440, 1243, 3121, 1722, 4732, 982, 3959, 2703, 3284, 1192, 3251, 2165, 3605, 9427, 2909, 8892, 4912, 5359, 6844, 2429, 8876, 9970, 4380, 9527, 4787, 4030, 9617, 9361, 8752, 7940, 9758, 623, 2673, 5324, 1126, 4829, 4411, 378, 2303, 4402, 8826, 6125, 5803, 1729, 5127, 4135, 5480, 5683, 5809, 6407, 6484, 2446, 1702, 5522, 7560, 7488, 1284, 2005, 868, 8534, 230, 2966, 8715, 5064, 3515, 3232, 2114, 7175, 9306, 1474, 3525, 7411, 3006, 1696, 5588, 8599, 6107, 8642, 6424, 4444, 4186, 8494, 5880, 6682, 7698, 5081, 4641, 9356, 8550, 9766, 6427, 4060, 1511, 2162, 763, 4687, 5647, 8741, 1465, 3439, 2573, 771, 2903, 1560, 1154, 6415, 9044, 3279, 1945, 8959, 6833, 7414, 2874, 250, 9397, 8062, 7602, 7440, 7447, 3680, 8725, 8526, 8940, 5376, 8285, 6789, 4634, 818, 2112, 326, 5261, 835, 9134, 3549, 7407, 1534, 2465, 5690, 2833, 6382, 5655, 3991, 2652, 9770, 6295, 8191, 4827, 419, 6668, 1574, 1625, 7994, 339, 5535, 8799, 6865, 2723, 5860, 6285, 5495, 9684, 7853, 7668, 9117, 3256, 5799, 5135, 2986, 3464, 9249, 7409, 9536, 2459, 3220, 2335, 6070, 1857, 6991, 378, 2584, 1540, 5849, 9372, 711, 2378, 4953, 5068, 3572, 7961, 5010, 1033, 393, 8199, 4944, 3914, 3610, 247, 9463, 9420, 6482, 6993, 7727, 6573, 6159, 5229, 5269, 87, 3924, 8591, 8081, 8501, 1866, 7588, 9855, 8434, 7003, 1695, 8182, 6559, 5040, 9205, 3932, 8172, 246, 4361, 1211, 4797, 8505, 8495, 8741, 7742, 866, 8430, 1271, 766, 955, 6262, 9404, 9889, 8067, 4522, 9258, 8486, 6645, 5285, 9764, 7865, 4724, 314, 1005, 2843, 3032, 7575, 1049, 2110, 8150, 4599, 5589, 6103, 8610, 3765, 1242, 7994, 9787, 3483, 7636, 3205, 9729, 8056, 5196, 2417, 1138, 1695, 352, 8741, 6733, 2363, 1801, 2166, 8054, 9951, 1184, 175, 5587, 1130, 1090, 628, 5799, 6700, 7208, 3329, 5924, 1684, 3951, 2640, 4920, 5826, 2830, 2237, 2949, 6281, 5636, 1620, 3350, 5270, 9451, 1960, 2087, 8356, 9192, 35, 1324, 6776, 958, 5276, 6257, 6816, 7698, 5034, 7505, 5120, 9722, 216, 3846, 8693, 9731, 8880, 3315, 5835, 796, 8899, 8236, 4020, 76, 7915, 5229, 5996, 8280, 8665, 7286, 9079, 4942, 101, 3648, 9614, 1160, 6123, 5643, 3529, 1314, 7284, 3476, 3459, 7915, 5577, 2772, 789, 9587, 7386, 8956, 887, 5813, 2868, 5838, 4491, 7638, 8564, 6051, 6637, 8969, 3417, 3452, 1969, 8042, 2579, 6882, 4581, 206, 4048, 3156, 6642]
[4852, 5978, 480, 5573, 8983, 9011, 6632, 786, 7213, 8706, 3337, 5223, 2816, 2030, 1852, 4483, 2906, 8719, 1347, 9883, 8397, 6163, 7347, 8357, 2807, 744, 9234, 9037, 96, 1018, 1339, 7751, 4510, 1004, 6997, 5087, 4792, 8917, 2239, 6998, 7956, 6579, 3549, 3796, 6966, 8344, 1198, 2081, 6723, 3462, 8084, 6478, 9137, 9315, 7612, 6546, 4290, 2358, 2891, 1429, 5971, 8296, 4644, 3656, 2251, 3212, 179, 5412, 8816, 9062, 5220, 1660, 5132, 2303, 6062, 6217, 3110, 6673, 3268, 341, 8724, 7928, 6861, 4472, 708, 2832, 4074, 5859, 6136, 7455, 2622, 8159, 8887, 711, 9062, 7141, 3498, 8466, 3123, 1466, 6422, 583, 262, 8113, 7393, 1083, 5022, 4072, 8385, 1154, 4490, 9720, 7279, 3965, 250, 2545, 7623, 7966, 9711, 9890, 6538, 4356, 8434, 8646, 1473, 5385, 5654, 1495, 8654, 5961, 7557, 7161, 8046, 3618, 7133, 250, 3007, 9965, 7511, 2866, 3555, 9941, 8384, 3418, 7954, 2492, 2564, 3658, 7211, 9291, 9100, 4481, 6877, 3274, 287, 8541, 3867, 3645, 6704, 3317, 7511, 4957, 9742, 3460, 7846, 247, 4806, 8931, 2010, 5051, 4722, 834, 5272, 846, 3071, 6284, 9539, 5985, 6283, 735, 6066, 8591, 3015, 9390, 4711, 7395, 9057, 9752, 9436, 8691, 8700, 476, 7048, 1919, 9874, 4133, 7999, 9938, 877, 2258, 8544, 6204, 9378, 8406, 4117, 3133, 6528, 6886, 9894, 9478, 3546, 1454, 2218, 5613, 7410, 1873, 8369, 2701, 7366, 9559, 9885, 2791, 7460, 8958, 9745, 3933, 2394, 588, 4115, 667, 5781, 8920, 7141, 7160, 5971, 8702, 4175, 7761, 1859, 7268, 7971, 1604, 8187, 1133, 2458, 5103, 1594, 8305, 4960, 1443, 4340, 5819, 704, 4569, 7440, 6433, 9025, 8767, 7036, 5190, 3380, 6987, 4866, 3916, 6770, 8623, 8177, 4308, 9508, 341, 3708, 4388, 873, 1669, 5202, 2722, 3575, 9225, 1696, 2657, 9666, 4078, 7151, 9628, 4942, 2038, 3471, 6505, 1820, 2481, 5954, 5490, 2381, 4514, 2019, 938, 6320, 6575, 6218, 7343, 152, 5577, 3504, 6780, 3734, 1910, 2036, 9187, 426, 2694, 6347, 9680, 7238, 7117, 1219, 2985, 7157, 3871, 9030, 1676, 3774, 2736, 5084, 6464, 9708, 9899, 8299, 1888, 9544, 8613, 9507, 5608, 816, 3582, 8102, 7549, 8635, 4230, 7986, 9251, 9157, 3976, 5360, 7690, 7827, 7296, 2653, 2304, 5613, 2040, 5327, 2039, 4452, 9907, 3880, 9362, 7785, 7561, 1453, 1049, 1940, 9588, 6474, 3158, 4266, 2000, 1155, 2876, 8575, 8165, 5858, 6439, 6777, 9935, 5572, 337, 6010, 837, 2487, 1668, 9532, 6692, 9215, 4995, 9423, 3565, 9579, 6483, 4961, 7784, 4438, 1607, 3162, 4790, 9289, 7756, 8569, 6246, 1929, 5284, 1614, 4699, 5276, 3583, 8131, 759, 179, 6921, 1087, 9485, 9125, 8343, 9934, 4241, 3545, 3991, 2748, 3811, 6899, 7506, 2649, 6209, 996, 4057, 1904, 2872, 2094, 8590, 5163, 9652, 5989, 1906, 3991, 1746, 3322, 8361, 3441, 8510, 2901, 6054, 2455, 1899, 6474, 8444, 4598, 7269, 8310, 7123, 4573, 2470, 5180, 1722, 7072, 5193, 3587, 7455, 6292, 1121, 5283, 9341, 8840, 4716, 4598, 5391, 7791, 6093, 980, 8987, 4085, 686, 3320, 662, 9305, 9587, 3151, 7134, 3114, 5617, 479, 4413, 2991, 3576, 513, 70, 6088, 5038, 6551, 5662, 8365, 5849, 1318, 165, 4106, 8698, 9682, 4938, 6543, 9057, 8592, 1520]
[9230, 7101, 6230, 7067, 3211, 9935, 9278, 4949, 559, 714, 4734, 350, 4155, 3728, 696, 2347, 9265, 4687, 3993, 4079, 4333, 1459, 3773, 6096, 3304, 8562, 3000, 4637, 3801, 7863, 573, 4088, 4550, 8880, 999, 5617, 3327, 7654, 9185, 8391, 9847, 9060, 6622, 5728, 4603, 4481, 1501, 2659, 6465, 2959, 8094, 5907, 9153, 1757, 9978, 3979, 9171, 8195, 3278, 292, 7360, 138, 2355, 3034, 846, 7669, 7866, 5972, 6010, 1742, 2437, 1084, 5654, 1395, 3506, 1739, 495, 5802, 2508, 9460, 5774, 8906, 9410, 9153, 4706, 404, 6249, 585, 9069, 988, 3178, 6295, 7468, 8782, 1321, 8196, 5560, 8856, 6783, 7114, 1005, 1297, 2511, 2314, 2116, 9799, 3110, 4302, 9554, 8635, 3864, 6072, 8060, 1037, 7798, 3713, 5671, 3064, 5006, 9858, 3565, 1585, 5866, 6053, 9248, 4545, 9093, 6336, 1270, 8456, 2270, 9329, 3359, 7012, 9592, 6012, 987, 4236, 2383, 2756, 9682, 2484, 5711, 3478, 908, 8247, 8466, 3972, 5649, 5440, 3030, 9659, 2255, 6419, 5041, 2678, 3839, 8798, 7859, 5293, 7820, 9201, 8155, 8330, 4394, 1295, 9090, 5210, 9352, 2172, 9379, 4799, 3727, 6647, 148, 76, 4656, 3918, 1776, 6433, 5177, 1645, 8190, 2561, 2491, 128, 6459, 802, 5739, 1581, 3424, 6346, 755, 8554, 6114, 634, 2478, 9038, 467, 4574, 1577, 858, 5141, 4051, 3740, 3477, 4015, 530, 5257, 7222, 9295, 3995, 6016, 6593, 7725, 7210, 5121, 886, 3037, 8119, 1636, 8348, 3416, 8023, 7318, 6835, 6289, 2661, 7495, 4349, 8319, 9658, 5904, 5051, 6437, 5207, 656, 6430, 9587, 9448, 2289, 4184, 1726, 1011, 4665, 8660, 435, 7823, 3027, 449, 9043, 2776, 5422, 6874, 1293, 3904, 2727, 5815, 1929, 495, 3936, 2418, 1586, 7152, 6678, 8340, 3023, 1718, 494, 995, 5439, 2715, 1175, 9820, 7641, 7145, 6441, 8397, 6831, 4648, 5131, 8416, 357, 7575, 6794, 3251, 7, 3510, 1550, 6166, 930, 7290, 3669, 4066, 8939, 3009, 1024, 9843, 4634, 1117, 6503, 9621, 1656, 3054, 7769, 119, 3286, 2269, 2163, 8737, 2511, 6880, 5597, 2341, 9022, 3863, 1247, 4613, 5520, 9181, 8608, 3415, 6129, 4200, 1788, 9777, 7421, 9899, 9801, 3885, 4921, 4497, 5481, 7719, 1320, 4143, 5511, 7224, 2069, 5631, 8233, 4334, 9570, 5442, 6326, 4228, 5502, 4942, 848, 7448, 8226, 7358, 2565, 2656, 4450, 8839, 5216, 5878, 9278, 6019, 6999, 3447, 1368, 8132, 9095, 7923, 3614, 726, 7205, 7876, 7159, 8310, 8012, 7400, 9066, 4503, 1193, 8926, 1376, 7990, 8441, 7218, 6226, 6078, 8306, 7252, 8180, 9402, 9798, 773, 9115, 1351, 7202, 42, 8656, 7192, 4457, 8272, 9186, 7220, 1388, 4904, 2983, 3218, 9352, 5269, 8539, 3322, 8677, 2187, 5755, 8328, 5592, 1254, 6975, 7666, 5129, 3398, 5163, 7723, 4067, 2881, 2094, 2541, 5265, 6174, 780, 897, 3254, 7146, 3255, 6450, 6706, 3145, 3494, 977, 280, 6406, 1575, 6022, 9167, 3383, 2408, 2701, 1248, 7352, 3003, 4446, 6338, 4323, 9480, 9342, 9855, 7369, 7685, 5290, 7033, 2528, 4334, 6715, 9506, 5977, 8204, 4937, 3699, 4207, 1154, 8222, 5351, 8604, 1806, 7211, 3186, 7226, 7497, 127, 7382, 3103, 8939, 8590, 2302, 7840, 4513, 5476, 5413, 4211, 9995, 3435, 1779, 8297, 3117, 2162, 8500, 1556, 7576, 2745, 8650, 9414, 6000, 484]
[975, 1075, 2468, 6058, 9638, 8222, 525, 8607, 1962, 8226, 4515, 7063, 2143, 2770, 5426, 9512, 6981, 3984, 7162, 2756, 2725, 732, 5219, 1511, 9869, 9732, 4904, 137, 6998, 9926, 1360, 7850, 8281, 3693, 9907, 884, 6263, 90, 9853, 9508, 3496, 886, 9633, 5709, 4482, 2818, 7134, 7733, 6630, 278, 4320, 8487, 6456, 819, 5373, 6696, 8769, 2331, 4661, 5248, 4556, 3014, 3524, 4298, 5179, 8333, 1519, 1918, 5810, 1413, 3517, 9055, 2933, 4308, 8344, 8865, 6365, 1827, 4537, 6005, 2518, 5518, 9374, 82, 7571, 5954, 2706, 1342, 181, 6583, 8560, 6796, 7318, 1318, 8015, 2635, 2990, 5268, 472, 4196, 7449, 8761, 5095, 7141, 191, 6247, 9680, 4163, 231, 8703, 1996, 3216, 7339, 8152, 3170, 8871, 5055, 8411, 4880, 1010, 9479, 9879, 2572, 798, 5877, 5390, 1885, 8164, 5016, 5178, 9934, 5712, 3252, 523, 5661, 6817, 4395, 6438, 3231, 5067, 2807, 5907, 3812, 3118, 3106, 4728, 811, 9603, 9053, 3420, 8549, 1130, 3200, 4865, 4352, 226, 2146, 7032, 5558, 4446, 2693, 8171, 4133, 8290, 4535, 8990, 310, 3896, 9986, 5711, 7473, 5913, 7751, 3733, 8902, 8457, 4588, 3752, 3510, 3130, 408, 7562, 6541, 2956, 8718, 7673, 7008, 5124, 9126, 8106, 6069, 3147, 6031, 2912, 7906, 2775, 2155, 1457, 6270, 8328, 3430, 2067, 3462, 9342, 8194, 9787, 1708, 7112, 1204, 6261, 6318, 5551, 5417, 9759, 975, 9810, 1954, 5728, 9582, 2407, 3118, 4853, 8441, 4973, 9271, 2392, 4250, 5907, 1402, 4476, 9923, 9421, 5554, 428, 8386, 1870, 9541, 3834, 8227, 730, 5141, 4186, 6194, 7698, 7982, 2429, 5709, 8168, 6473, 6789, 2984, 7789, 979, 4652, 7776, 5401, 6915, 6632, 7750, 6554, 5314, 3704, 2162, 8336, 7472, 9504, 4278, 7943, 8291, 7162, 4356, 6997, 6046, 5529, 6812, 8705, 8441, 4460, 2675, 5444, 9333, 9058, 7670, 5544, 5385, 1214, 5940, 3705, 6087, 2315, 7507, 2031, 600, 9529, 2196, 1520, 6091, 454, 8729, 6313, 4678, 4371, 9, 6103, 7567, 2789, 8557, 9212, 4700, 3702, 1612, 5118, 5542, 4499, 1944, 5997, 4335, 2338, 5231, 8247, 5154, 2816, 2683, 402, 6134, 1309, 4989, 1760, 5862, 3794, 8047, 4015, 2430, 8978, 8321, 1445, 9184, 3443, 3345, 990, 2833, 304, 4622, 225, 2380, 5628, 4648, 9397, 5146, 7419, 7955, 1020, 2823, 4656, 2522, 1739, 6362, 7987, 8300, 3318, 1319, 7230, 6664, 3106, 6545, 8307, 7579, 3693, 777, 9298, 4235, 321, 8188, 7067, 5961, 530, 4204, 4388, 1151, 8825, 209, 1713, 8160, 4989, 8769, 7346, 4221, 9979, 3485, 386, 5599, 8910, 8676, 3065, 4085, 8510, 9017, 5873, 8133, 688, 8122, 5004, 5480, 9931, 2328, 475, 1879, 9956, 7137, 8403, 547, 9978, 5451, 3155, 453, 319, 6628, 5839, 2109, 8190, 2668, 7966, 3608, 2776, 2618, 837, 1402, 7374, 7621, 2587, 7450, 1014, 1211, 4383, 9069, 923, 2282, 4181, 2464, 5104, 9026, 8845, 4108, 3314, 2872, 9124, 9543, 4274, 2330, 4825, 7823, 8115, 9563, 8301, 8122, 7542, 7686, 2710, 7098, 1055, 9595, 6456, 2127, 4714, 4092, 9382, 4518, 299, 7736, 626, 1259, 8537, 2475, 4561, 7806, 3187, 3888, 1415, 568, 1128, 3945, 1608, 3940, 6663, 8490, 55, 9776, 7184, 9638, 9714, 7766, 8157, 9198, 941, 9703, 2109, 3370, 8684, 1519, 2575]
[3298, 8464, 6513, 6456, 1375, 4296, 4025, 3682, 2911, 2607, 8784, 2677, 4371, 4221, 2138, 903, 1924, 9555, 2618, 1726, 6021, 1972, 8863, 6013, 8562, 1737, 2064, 7456, 5146, 1282, 7235, 5098, 6689, 1428, 2981, 6965, 2699, 7381, 811, 5512, 705, 5576, 7419, 9719, 8749, 5851, 4764, 3523, 5595, 4739, 1994, 5112, 5695, 7051, 5996, 2324, 1809, 6803, 7571, 4505, 3487, 6145, 348, 7307, 4832, 2286, 8114, 3443, 9784, 1111, 5064, 2848, 6748, 8045, 4858, 4980, 5870, 9270, 712, 60, 8853, 8186, 3100, 3363, 2728, 4742, 119, 1886, 5034, 3065, 778, 9419, 5127, 6386, 4738, 4575, 593, 4678, 8286, 7030, 3179, 971, 6658, 352, 2152, 3592, 5212, 5505, 3888, 9436, 4265, 2275, 4097, 3164, 5514, 5021, 1559, 2981, 4724, 8841, 3445, 650, 9350, 4298, 7436, 565, 9242, 5735, 643, 3427, 8018, 2960, 6342, 3773, 6349, 3635, 6961, 5612, 1733, 2615, 9379, 324, 7397, 70, 5555, 3417, 8568, 1684, 6, 7286, 8692, 6131, 7432, 4511, 5609, 1244, 8766, 5489, 4778, 3268, 8600, 4434, 1604, 5902, 1968, 2834, 3666, 6467, 2028, 7961, 5653, 3579, 55, 7123, 8772, 935, 7019, 9780, 9628, 3064, 9432, 3719, 6378, 3139, 8174, 4207, 2108, 5405, 190, 7820, 6033, 2058, 1027, 3512, 6718, 1461, 1487, 7519, 5059, 8328, 9673, 8254, 9939, 8733, 1207, 739, 1339, 2549, 8365, 1776, 2579, 5441, 5044, 9511, 8800, 1783, 7867, 424, 3570, 8178, 3888, 7997, 5981, 267, 8936, 5933, 2564, 2397, 9669, 1783, 2035, 2875, 5364, 6857, 4305, 9644, 8298, 9308, 207, 9269, 5461, 634, 1684, 5340, 8893, 5444, 3175, 5521, 9853, 5369, 9191, 7545, 9938, 6871, 1165, 4585, 2743, 6223, 780, 6796, 5134, 3991, 6653, 8366, 6011, 9264, 718, 7767, 7378, 6502, 1066, 8833, 9972, 3826, 4010, 280, 260, 3087, 118, 5200, 3557, 2035, 7413, 3310, 3066, 4472, 2064, 7848, 675, 8160, 1728, 3912, 5960, 67, 9602, 5321, 8378, 6454, 9126, 6928, 9936, 4214, 914, 2110, 8598, 5910, 1985, 697, 5765, 8366, 4580, 9459, 703, 6271, 2893, 9397, 8906, 4615, 3910, 3666, 679, 8588, 76, 5400, 1825, 6357, 174, 9714, 8179, 5346, 5081, 7492, 3206, 2102, 6090, 6181, 8340, 2007, 2876, 231, 6289, 6605, 3310, 2921, 3367, 4234, 2489, 4130, 6176, 3247, 6103, 9326, 8028, 9749, 1674, 1834, 5315, 5949, 1154, 6165, 6562, 6795, 4371, 9015, 572, 9079, 7353, 6741, 137, 5485, 7937, 6562, 4989, 9995, 3493, 7381, 3858, 5217, 4930, 8335, 9098, 3496, 7656, 7111, 9354, 380, 1557, 8014, 4783, 3952, 8394, 9916, 5182, 469, 6550, 3487, 1456, 2060, 1825, 5772, 1148, 4657, 3504, 2146, 2948, 2667, 5999, 2510, 1164, 8804, 2600, 4310, 3297, 6457, 5451, 6284, 5152, 2000, 2749, 5613, 7368, 2952, 3031, 7422, 5701, 6277, 9585, 8417, 5774, 1444, 8822, 3332, 6345, 6453, 2235, 1383, 9933, 5443, 1207, 7938, 3049, 8640, 3397, 4112, 4378, 9536, 8772, 6181, 2489, 5215, 4495, 5257, 4547, 5576, 2504, 8661, 2215, 5096, 1167, 3469, 9228, 7591, 7181, 4666, 1997, 172, 6037, 6267, 5695, 8109, 1612, 4810, 2316, 8307, 2077, 3647, 7549, 292, 8175, 2603, 1602, 4185, 8855, 109, 983, 1818, 8799, 986, 3646, 3548, 4849, 1959, 9765, 9077, 9803, 7058, 4651, 1784, 9099, 8754]
[6050, 1945, 2884, 9223, 8995, 1077, 982, 9422, 1377, 8283, 7520, 4522, 8694, 8556, 5021, 2372, 4425, 187, 1137, 3344, 2958, 7696, 8818, 6078, 8711, 7735, 2226, 6439, 4358, 3877, 6007, 6255, 4190, 4724, 1472, 1214, 3815, 5883, 5067, 8704, 1417, 1692, 3124, 1584, 5394, 6595, 9121, 7206, 5436, 3435, 8154, 7825, 5531, 9804, 5248, 4321, 2667, 4580, 5403, 7029, 2019, 7617, 2554, 3123, 9341, 8567, 8686, 8105, 9252, 12, 5814, 993, 6671, 7586, 5712, 7629, 401, 9308, 8587, 8142, 1355, 9907, 2561, 2885, 4709, 8330, 935, 6627, 3226, 6843, 5366, 464, 1639, 6428, 3774, 2851, 1542, 9451, 339, 6648, 9846, 5944, 2507, 4174, 5033, 4390, 5046, 6604, 5272, 4341, 4998, 59, 7934, 9977, 9797, 8277, 6953, 5543, 2528, 3807, 1656, 2012, 706, 8783, 1723, 5118, 8036, 7771, 7776, 5240, 3300, 7116, 6917, 4661, 1465, 266, 9705, 9429, 5295, 4916, 3717, 2971, 3230, 6260, 8379, 2704, 8220, 6014, 2962, 2711, 4257, 1995, 9950, 3977, 211, 2996, 4916, 9160, 2468, 4526, 7805, 2557, 6632, 1695, 4372, 7162, 89, 8391, 1239, 8573, 2418, 2279, 5923, 8345, 2507, 8456, 7602, 290, 2540, 7761, 9961, 8026, 1605, 1906, 5930, 7899, 2508, 9758, 5080, 2002, 8600, 2842, 1820, 1653, 3756, 9899, 3245, 7313, 6206, 608, 8086, 6386, 4305, 6471, 1150, 8312, 4568, 6519, 7169, 4925, 7373, 3729, 4337, 915, 961, 9602, 7848, 3292, 2183, 8645, 9853, 4380, 1182, 4573, 1216, 6347, 6724, 9695, 1705, 7332, 7047, 2640, 3059, 2035, 3800, 3934, 5356, 5682, 8563, 3576, 729, 9177, 1300, 9072, 6743, 1711, 8838, 3409, 7858, 3213, 1182, 2602, 9836, 556, 5000, 6591, 7730, 9718, 1234, 6407, 6081, 232, 7410, 5829, 2069, 5732, 883, 3100, 7154, 9817, 334, 1732, 9545, 3641, 8233, 2141, 1154, 2891, 9406, 9724, 305, 1606, 6186, 3569, 936, 3030, 6976, 2381, 686, 3080, 3934, 5741, 3867, 2520, 5724, 9103, 2573, 5015, 9618, 4723, 1138, 9933, 1598, 7175, 927, 7111, 8421, 7783, 7308, 7940, 8859, 5119, 6291, 3718, 7871, 5853, 9697, 3237, 2493, 275, 3928, 6062, 5944, 8637, 418, 8807, 3187, 9647, 8543, 4241, 1979, 363, 4930, 4068, 1547, 8922, 2852, 8248, 320, 4849, 7792, 6850, 421, 8720, 8272, 371, 2294, 7479, 184, 8346, 1701, 6932, 5778, 2794, 1234, 4521, 6601, 7444, 3289, 3970, 1234, 8728, 5692, 9124, 6860, 9661, 1124, 1888, 2977, 8602, 1854, 3907, 7228, 4813, 7617, 2781, 9642, 3635, 2400, 4504, 2920, 5318, 3341, 1487, 6499, 9229, 4230, 2843, 6560, 6983, 3159, 105, 8267, 8925, 8721, 7526, 3234, 4789, 1183, 775, 4721, 9593, 6767, 9191, 1516, 7161, 8719, 1467, 6451, 2616, 3995, 5769, 3244, 4374, 3128, 8323, 9542, 1011, 4365, 8289, 1801, 6026, 3512, 6201, 2721, 1729, 9275, 5146, 8780, 2599, 752, 6271, 7434, 8177, 5459, 7288, 8902, 9464, 8834, 426, 4652, 3909, 2867, 2059, 3294, 5331, 4038, 848, 3571, 5208, 1415, 9273, 7277, 9897, 515, 2709, 7538, 8094, 4650, 7515, 3020, 8869, 6565, 3626, 9495, 4848, 9687, 8091, 3442, 7127, 5731, 71, 7380, 2103, 8492, 7047, 300, 7163, 4510, 9227, 5681, 7608, 41, 9699, 4802, 3860, 8397, 6517, 7739, 1785, 8981, 3707, 7469, 3547, 6517, 4826, 800, 1989, 3395, 5001]
[7457, 685, 5004, 5196, 3816, 9878, 1721, 2080, 4695, 418, 4765, 6818, 9285, 9798, 5796, 7258, 1131, 2880, 86, 4337, 4957, 5966, 462, 2350, 8595, 5496, 2364, 1397, 2093, 1583, 9084, 6771, 241, 4214, 2852, 1246, 8492, 1251, 7535, 877, 2333, 6716, 2576, 2596, 5473, 2960, 7060, 449, 9526, 9892, 1198, 1699, 1478, 1392, 1764, 7164, 7414, 7936, 2524, 7461, 6018, 9174, 4782, 8813, 6257, 3782, 7364, 6079, 3749, 925, 2940, 3391, 5528, 4361, 6002, 2011, 2240, 1489, 1615, 3720, 5651, 9130, 618, 1293, 4777, 2199, 6702, 5842, 7532, 2612, 9486, 42, 6751, 1017, 4847, 9836, 9957, 9561, 2441, 2681, 464, 742, 2456, 260, 2227, 2728, 8296, 2496, 8771, 3755, 5716, 6521, 7656, 191, 6428, 144, 7324, 5903, 5419, 729, 8056, 8668, 7622, 6761, 8392, 1002, 3321, 1946, 3336, 9457, 2038, 4715, 989, 6407, 1110, 6615, 9480, 4350, 2460, 4841, 9842, 5154, 7394, 3811, 5318, 8234, 9854, 3409, 8728, 3924, 3350, 4263, 7673, 6563, 8204, 6275, 1540, 2741, 9148, 8872, 2805, 7261, 7801, 3606, 9508, 4736, 1857, 4452, 2316, 1807, 9501, 3918, 9830, 913, 6274, 7164, 3236, 2772, 5923, 9780, 4293, 5648, 5404, 7752, 8842, 6777, 798, 1306, 6652, 658, 1943, 5470, 294, 1934, 7503, 7850, 3967, 2221, 6126, 9934, 7248, 8645, 3095, 3079, 6829, 2161, 1549, 5328, 3398, 7500, 7386, 627, 9088, 7670, 9275, 3614, 2265, 2001, 2778, 9234, 6206, 2455, 1508, 3706, 5407, 168, 6169, 6387, 2376, 9469, 8433, 7871, 4233, 393, 6240, 9855, 1221, 9060, 3097, 5307, 7452, 9636, 8209, 3533, 9532, 9306, 532, 855, 526, 9588, 9761, 3594, 101, 1242, 6968, 7405, 6307, 7559, 9592, 7167, 1248, 9852, 543, 430, 6004, 5412, 4920, 154, 846, 1141, 3991, 3373, 1203, 375, 5898, 6976, 8015, 1368, 8202, 3326, 1707, 2309, 7428, 5808, 9693, 7243, 1397, 6843, 8112, 8649, 1347, 2430, 3534, 6413, 3608, 6370, 6731, 6818, 9355, 6770, 7523, 4974, 1996, 4050, 7707, 2902, 1289, 155, 9508, 8433, 8260, 4475, 6128, 3496, 839, 3399, 9972, 1511, 5013, 4114, 9241, 228, 6360, 7071, 7774, 2782, 4942, 1448, 6976, 3845, 2863, 2067, 2132, 8283, 1523, 7676, 867, 1675, 413, 5948, 9999, 3660, 6161, 229, 8589, 1084, 3424, 2538, 5883, 5681, 2646, 1836, 186, 8612, 5112, 6147, 7466, 4386, 2156, 6598, 1207, 3334, 2436, 753, 453, 8815, 7895, 7462, 9632, 5996, 2158, 3681, 2117, 910, 8093, 3178, 3621, 6098, 8865, 7519, 6307, 2861, 8317, 8627, 5746, 256, 4941, 7958, 5994, 1948, 7449, 4050, 8419, 7752, 8066, 1163, 3287, 5985, 4015, 6331, 9013, 2344, 6496, 5348, 8043, 2119, 5656, 3492, 5679, 7428, 9299, 9310, 2973, 3198, 6598, 2217, 1099, 5326, 2135, 5671, 1564, 4629, 1235, 3843, 778, 6561, 2956, 5111, 333, 6170, 6028, 7902, 2663, 4508, 7645, 342, 5642, 172, 4458, 9723, 9104, 6297, 5887, 9428, 7733, 6265, 4343, 3734, 4603, 5474, 3114, 2340, 6599, 2466, 5554, 3397, 3331, 3071, 6754, 2139, 8115, 454, 2463, 4793, 7693, 9081, 3095, 9387, 4319, 7023, 9681, 7540, 8246, 2072, 8816, 3609, 2068, 581, 4504, 6054, 9209, 1293, 2734, 8313, 6350, 9832, 4307, 8544, 860, 6812, 8787, 9024, 6862, 9722, 2855, 6071, 6389, 7942, 9184, 7193]
[6713, 1875, 8887, 2152, 9933, 6905, 336, 9317, 216, 1347, 7617, 3162, 9773, 7118, 909, 7258, 1335, 3135, 4294, 5283, 2531, 9872, 6989, 8424, 5709, 466, 9375, 5816, 9171, 371, 5331, 9735, 3547, 7297, 5392, 5787, 1649, 9599, 5255, 2430, 279, 7760, 2886, 6688, 7251, 4161, 6789, 5599, 2816, 4203, 3398, 2090, 4941, 1211, 8436, 1019, 7904, 3824, 4644, 4016, 2340, 5343, 3740, 110, 7287, 1059, 8482, 9576, 996, 7551, 2256, 6773, 3699, 5881, 3061, 6436, 2910, 6084, 9444, 5105, 3897, 9588, 6519, 5547, 9360, 426, 1522, 1472, 9824, 8750, 457, 98, 8217, 2797, 8047, 570, 5138, 5355, 9031, 8579, 7227, 5916, 920, 860, 5260, 9396, 4246, 3619, 8825, 1939, 5088, 3117, 5116, 5515, 5949, 5180, 9073, 1474, 826, 9133, 3097, 1403, 600, 1835, 537, 4308, 8883, 7451, 2254, 5578, 2335, 8133, 3442, 414, 2280, 2918, 393, 8437, 1397, 6912, 8994, 5950, 4567, 9225, 9447, 4939, 8718, 545, 1676, 1740, 1050, 9963, 7013, 9995, 1191, 94, 5135, 2886, 6527, 5332, 7976, 9953, 9261, 5986, 5286, 189, 8225, 8397, 1365, 2889, 5344, 9993, 7139, 6578, 5144, 7014, 804, 4122, 1250, 5172, 6273, 2182, 9396, 3421, 9210, 8637, 9183, 3468, 2033, 4294, 283, 7533, 4695, 1947, 1022, 2087, 6261, 6599, 2153, 9230, 4516, 6312, 1520, 4654, 8127, 6559, 7218, 8857, 8341, 4790, 8543, 2175, 5931, 8307, 3283, 1052, 6239, 9463, 620, 4789, 5317, 2566, 9734, 3452, 5130, 7566, 4088, 8348, 8217, 997, 4809, 5291, 5776, 5394, 9468, 9776, 5431, 289, 1979, 7150, 8970, 2289, 3353, 6442, 855, 8409, 5714, 3628, 7394, 8360, 3656, 8794, 84, 5231, 9742, 5927, 1959, 9497, 9309, 3195, 8686, 5234, 3417, 106, 1979, 5285, 7762, 6828, 9324, 5854, 7597, 7087, 6721, 8347, 4869, 8235, 7457, 5252, 4735, 4996, 5565, 7080, 1984, 9193, 9305, 4087, 2250, 7953, 9496, 7696, 4222, 7371, 5880, 3421, 4630, 5415, 6567, 2868, 5093, 3150, 894, 3808, 3670, 7523, 1185, 4458, 7958, 5456, 8812, 8848, 2535, 9383, 347, 4256, 6212, 1583, 3349, 1770, 9888, 6618, 8397, 6313, 7164, 5631, 8330, 2695, 1491, 4739, 1497, 1360, 5294, 3611, 6581, 4122, 3072, 4388, 9985, 8141, 6048, 6771, 6588, 6515, 9299, 608, 1518, 2337, 675, 8998, 3990, 1038, 9407, 437, 4105, 969, 1153, 1204, 3593, 7522, 8927, 5335, 9829, 7309, 7968, 9330, 5811, 7781, 9267, 5707, 689, 6383, 6622, 1135, 8188, 6282, 8063, 9196, 2508, 9481, 609, 4267, 5622, 8085, 9918, 330, 3985, 1410, 1964, 7513, 1961, 9301, 6723, 9665, 7006, 2166, 7738, 5039, 5835, 9618, 2039, 3216, 1324, 2972, 537, 5083, 6991, 9919, 3540, 4325, 4587, 3653, 8235, 2886, 3586, 485, 9843, 2943, 5251, 456, 4152, 5469, 9442, 318, 6095, 1419, 5150, 2672, 863, 4569, 3968, 6246, 6948, 5944, 6772, 6356, 5096, 1255, 9957, 6082, 1411, 2665, 9082, 6897, 6948, 7479, 9938, 3457, 5244, 9173, 8086, 9168, 1696, 6782, 5113, 558, 8461, 159, 6337, 4462, 1637, 4211, 6884, 3075, 8742, 9303, 7659, 7563, 6085, 9846, 6593, 8552, 6, 7561, 9567, 7982, 9503, 9812, 9604, 1373, 8983, 5686, 8109, 7080, 9851, 3458, 1260, 7360, 6386, 8245, 3289, 365, 6164, 4309, 5638, 2102, 133, 1276, 5672, 4615, 8117, 7638]
[6021, 72, 8020, 4517, 7220, 1764, 6135, 1503, 6602, 7983, 1396, 9156, 4904, 4175, 4864, 6307, 4169, 6434, 2101, 6304, 9831, 5269, 8097, 7581, 6900, 2580, 4690, 8845, 48, 6604, 7131, 9959, 709, 3546, 51, 7462, 9021, 9852, 5444, 4243, 220, 3295, 8448, 7277, 3244, 3291, 5290, 9560, 5152, 2208, 1119, 6956, 8430, 2469, 2064, 6562, 9168, 4583, 7161, 1890, 6198, 6129, 4752, 9033, 5372, 3653, 8313, 7837, 2802, 6636, 5222, 9059, 9794, 1658, 1690, 2047, 2621, 2085, 4411, 5354, 2761, 8538, 5828, 3655, 6384, 856, 4802, 2126, 386, 1492, 8922, 5035, 7522, 3976, 7180, 1271, 6362, 6865, 1722, 9290, 9222, 1134, 1922, 3928, 3606, 259, 9359, 3889, 4968, 861, 3321, 214, 2600, 4380, 8601, 3423, 1158, 3869, 8703, 1015, 6138, 2159, 1143, 3367, 224, 3523, 7514, 1071, 2034, 3865, 8146, 5298, 8403, 3803, 3682, 3582, 5134, 5940, 7102, 4787, 9476, 9305, 5229, 2770, 6748, 2562, 7579, 1749, 7707, 3101, 777, 7555, 4247, 5780, 9824, 1361, 3324, 4655, 5888, 2010, 3850, 9332, 967, 2157, 1783, 4830, 9817, 8955, 6324, 4112, 604, 2320, 9817, 1335, 8042, 4243, 7648, 5263, 5991, 1983, 6526, 4878, 6294, 5269, 9256, 1598, 7353, 9703, 7618, 3802, 7492, 2301, 3533, 755, 3958, 8145, 8572, 2312, 7354, 726, 110, 5006, 8190, 2332, 8771, 8733, 5812, 4482, 7321, 415, 183, 3974, 1705, 5967, 1409, 3462, 7283, 9456, 8031, 3572, 3862, 6175, 3698, 3036, 2159, 8523, 9145, 7994, 4779, 6011, 1542, 9251, 4687, 7480, 6849, 3061, 2303, 2534, 4359, 8710, 2987, 4741, 7895, 6294, 4168, 7844, 9359, 4925, 1596, 1202, 2728, 9607, 7331, 4483, 235, 9822, 8447, 7311, 9847, 9047, 6363, 9796, 5970, 2770, 5539, 1433, 2159, 3286, 5274, 7913, 5104, 1423, 7652, 7648, 8523, 234, 1903, 4798, 7238, 6675, 2748, 2152, 6847, 8901, 3698, 2245, 7460, 7497, 3155, 2762, 6399, 1582, 190, 8765, 3362, 8795, 3182, 4800, 6977, 2432, 813, 5498, 5469, 4826, 3665, 2660, 1939, 2314, 9163, 9126, 9837, 6985, 9958, 4984, 6885, 6248, 6268, 6650, 9355, 2426, 7160, 8219, 2846, 2736, 725, 2065, 1648, 6144, 1397, 3788, 3944, 869, 8013, 9405, 1907, 9, 5117, 3547, 3645, 9855, 6607, 5079, 8761, 4477, 3676, 7644, 2890, 1440, 9305, 342, 9039, 7573, 6879, 4724, 8915, 9212, 8027, 3713, 3609, 8135, 1440, 9262, 2456, 9379, 247, 783, 5085, 8153, 1825, 4373, 74, 2605, 6655, 4689, 4127, 821, 5530, 3, 1027, 4523, 831, 3918, 6631, 3358, 5399, 2316, 6891, 1805, 4931, 305, 3916, 5266, 3716, 8539, 2784, 3639, 4345, 8185, 9854, 3565, 2437, 4724, 5892, 1781, 5984, 1086, 5100, 2864, 740, 3695, 2959, 886, 7352, 4901, 1007, 8974, 2196, 7495, 1346, 1927, 5763, 8843, 9301, 3744, 4033, 328, 4357, 9960, 2375, 535, 9969, 3851, 2348, 8750, 4946, 8078, 5245, 8552, 3058, 6672, 6325, 3232, 6862, 1210, 460, 850, 8599, 7959, 876, 2453, 8409, 3209, 4265, 7644, 3307, 3746, 541, 8250, 2292, 4802, 9607, 4433, 4071, 49, 4150, 2322, 6967, 6331, 5076, 9259, 2682, 4597, 4670, 5847, 1891, 7205, 8059, 5109, 8198, 6959, 9938, 3318, 9130, 6177, 4447, 6729, 978, 9110, 2045, 3413, 7184, 5633, 7502, 9396, 5339, 4214, 8736, 8195, 7620, 7631]
[2039, 3815, 4984, 9933, 1556, 9621, 1729, 1962, 7529, 2400, 4813, 8616, 7206, 6196, 4297, 8634, 3591, 9616, 2614, 9232, 6279, 5772, 7039, 385, 7088, 748, 1212, 5941, 5170, 1734, 3606, 1046, 4328, 6847, 5949, 8298, 3009, 1470, 3916, 8481, 689, 3253, 8700, 8054, 7980, 6574, 1891, 5901, 228, 647, 4385, 9837, 7284, 804, 7815, 8367, 2970, 4319, 5698, 7727, 1832, 6097, 3134, 2807, 5814, 8331, 566, 2304, 3812, 7067, 352, 304, 4282, 8737, 6620, 6263, 1625, 2217, 8962, 3780, 4731, 8770, 7370, 7224, 3945, 932, 5025, 5796, 1884, 4009, 4300, 325, 5146, 1043, 6016, 1447, 5639, 5832, 8078, 5066, 1981, 1711, 6250, 6699, 6740, 2839, 368, 5858, 7758, 9054, 3669, 7348, 9628, 1921, 53, 1057, 4363, 3852, 5686, 9341, 8640, 311, 6617, 7586, 3180, 5491, 5341, 4088, 1792, 7775, 8074, 4654, 7561, 3841, 5649, 3451, 7733, 9604, 405, 4234, 971, 536, 4090, 1652, 7297, 4289, 9570, 4286, 4932, 9452, 2560, 788, 7174, 1340, 3593, 10, 5297, 672, 9620, 8137, 6652, 4544, 8617, 4365, 3590, 1771, 6209, 6794, 7723, 5717, 2189, 8627, 3858, 5037, 3035, 1339, 8662, 5808, 4729, 7150, 5066, 9801, 6123, 754, 4691, 2317, 1692, 6738, 9212, 1015, 5666, 743, 368, 4633, 5129, 4188, 9654, 1355, 6504, 5116, 3688, 8998, 6582, 9986, 1954, 2036, 2279, 9594, 9758, 8451, 3647, 4385, 9019, 3220, 4419, 723, 6073, 4687, 1879, 8905, 5418, 188, 350, 1572, 5392, 2304, 4909, 1454, 8076, 4757, 4456, 5721, 3731, 2563, 9450, 8021, 2738, 4153, 1439, 1399, 1253, 5233, 4677, 3731, 3097, 41, 5665, 9891, 4249, 5169, 7025, 3416, 6157, 439, 5740, 1953, 7717, 2330, 9468, 5231, 7900, 947, 9565, 6496, 2205, 4566, 9698, 7893, 1628, 6903, 2775, 8198, 3188, 560, 145, 5294, 396, 332, 3940, 7574, 4780, 153, 6949, 2974, 2015, 4019, 2125, 6514, 8238, 6243, 4798, 9251, 9440, 481, 8864, 4818, 57, 4526, 2464, 2554, 7501, 7908, 282, 9426, 1307, 9279, 5347, 5522, 1953, 4105, 1575, 5499, 1438, 9712, 4250, 2649, 8092, 4663, 1141, 7688, 4423, 5667, 1050, 4865, 2541, 5957, 3739, 4636, 3102, 6456, 5509, 9014, 1476, 2454, 8486, 2664, 4198, 9360, 2979, 2488, 1317, 4330, 8519, 8587, 8757, 7628, 9251, 893, 2206, 3866, 6567, 4622, 7772, 3928, 3585, 5977, 7554, 6948, 3794, 7140, 4071, 8545, 6012, 8061, 8859, 3908, 4116, 7027, 5414, 3547, 3672, 4557, 6211, 2433, 835, 5557, 5646, 2057, 242, 9470, 8921, 8052, 9275, 1416, 526, 2186, 6507, 8139, 7582, 2640, 2533, 6887, 8959, 2452, 7618, 5871, 4981, 8424, 5390, 7860, 7370, 2106, 2245, 3565, 8202, 251, 3708, 8538, 9225, 1806, 2192, 6875, 1725, 2405, 7250, 3591, 3030, 9746, 2424, 6241, 8581, 511, 7969, 1645, 6630, 9294, 1144, 1585, 7468, 1702, 2967, 7342, 536, 9513, 530, 8558, 9671, 2201, 5007, 5577, 6106, 7219, 8491, 8169, 713, 5511, 1378, 4152, 1666, 7537, 1597, 2635, 5945, 6816, 9159, 5237, 4964, 4622, 7532, 7897, 3304, 5425, 4113, 2281, 7748, 6670, 9158, 2788, 1218, 7782, 2168, 6449, 8111, 164, 8548, 8117, 9192, 2756, 2420, 5442, 6209, 3699, 6405, 3635, 6208, 6788, 2640, 253, 5129, 2146, 9623, 1136, 2199, 3429, 7701, 4430, 2900, 6596, 4229, 6099]
[9390, 9579, 9065, 1228, 435, 6361, 4839, 7429, 18, 3966, 2053, 3038, 4927, 5276, 7195, 647, 3191, 5714, 3614, 1916, 7872, 7763, 4398, 5295, 268, 455, 6889, 5749, 3385, 5980, 827, 1828, 6908, 1313, 8265, 3328, 2435, 1531, 8458, 5992, 9878, 7525, 3576, 5191, 3144, 4877, 1248, 7502, 4153, 9796, 679, 2907, 5756, 9407, 1024, 2658, 9866, 8358, 8891, 149, 7499, 1628, 6406, 5430, 970, 3653, 1847, 5788, 1422, 6780, 3392, 8520, 1727, 3197, 937, 7057, 1596, 6449, 4140, 5317, 5594, 7393, 7246, 1947, 22, 8732, 627, 3380, 2992, 9460, 3993, 5809, 8951, 9218, 6492, 5084, 3087, 4592, 9649, 6912, 3496, 5679, 8123, 9652, 3273, 9416, 7268, 1939, 2447, 1795, 8432, 3637, 3212, 4935, 7799, 4450, 2537, 2570, 6507, 6288, 5228, 1600, 2369, 8582, 6771, 2060, 8768, 4542, 6879, 2624, 1714, 7364, 5238, 9321, 4259, 4533, 2127, 711, 4933, 8251, 2996, 8911, 9618, 9009, 483, 2112, 4920, 10000, 8985, 4719, 8003, 5584, 8846, 1853, 5755, 9384, 4623, 9130, 7894, 7797, 3632, 3529, 2078, 4123, 5479, 8360, 7497, 740, 7378, 6189, 5891, 1409, 3898, 4653, 4639, 6865, 675, 8501, 2876, 5353, 5455, 6698, 6501, 1348, 9701, 4213, 3503, 9950, 2687, 1478, 3826, 7401, 3848, 646, 1645, 8860, 1103, 2017, 4683, 3770, 3801, 7422, 5411, 1984, 1350, 9395, 9006, 4073, 964, 6687, 92, 6533, 6184, 6860, 5020, 5724, 7494, 4918, 8814, 4990, 9619, 2961, 2457, 5538, 1100, 2679, 2099, 4143, 3889, 8923, 6412, 9373, 8369, 9316, 5270, 6523, 7260, 9992, 1223, 770, 2475, 1535, 6269, 8645, 5711, 2436, 3388, 5477, 5743, 2379, 8872, 8806, 5955, 6974, 2322, 5267, 7823, 2112, 9183, 5326, 381, 203, 9704, 3178, 930, 2437, 6027, 704, 792, 6508, 3378, 8086, 8315, 8455, 3009, 2149, 7968, 2160, 8231, 7511, 7594, 9932, 2583, 8381, 8072, 2599, 5631, 6670, 8544, 3576, 3734, 8202, 4021, 7697, 8172, 8067, 2422, 3335, 2315, 7407, 1402, 2645, 2764, 6697, 4175, 3443, 7650, 8211, 6176, 3283, 7648, 2269, 3718, 4446, 3069, 9930, 7811, 5995, 2978, 786, 4554, 5775, 6621, 3110, 2755, 9741, 578, 6004, 2407, 3605, 7612, 2798, 8257, 4938, 5503, 8236, 5805, 4091, 5095, 6893, 1515, 6483, 9280, 3409, 6742, 7064, 741, 1211, 5491, 8210, 136, 9273, 3447, 3839, 5978, 9498, 6795, 6698, 9038, 2050, 5372, 8988, 7129, 1027, 2144, 5474, 1404, 2978, 9790, 9209, 1197, 4898, 2044, 4067, 2744, 7844, 7632, 598, 6372, 6716, 4844, 6860, 7752, 8944, 5765, 5561, 4337, 2846, 2677, 3645, 9624, 32, 5351, 8398, 6725, 3250, 6152, 5467, 5134, 4211, 1659, 9294, 6204, 1375, 6642, 801, 799, 2253, 566, 1057, 5216, 5803, 9562, 7765, 6615, 9383, 418, 9587, 7698, 5502, 9295, 2757, 4783, 7429, 9737, 8447, 1290, 8275, 5283, 2825, 6373, 8668, 4973, 6641, 5130, 9416, 2690, 8042, 1898, 999, 9500, 5552, 8584, 8816, 8205, 5045, 5028, 4911, 5355, 4068, 4388, 2572, 2853, 8001, 3183, 1289, 5633, 1255, 8852, 7501, 6049, 4090, 9787, 5773, 8860, 5148, 7567, 710, 9918, 5476, 8915, 2926, 5324, 2178, 1898, 5147, 3992, 5369, 5046, 6111, 8168, 2735, 7249, 9198, 9777, 4345, 5411, 5198, 9943, 7200, 8442, 4603, 5264, 3617, 5506, 4030, 3829, 9775, 3240, 3957]
[4022, 8022, 3625, 4024, 19, 9613, 9097, 4873, 9797, 9507, 6308, 9017, 4601, 1405, 657, 7223, 8316, 6455, 6117, 5045, 9487, 9573, 9770, 5451, 789, 6190, 475, 2889, 8083, 1273, 5234, 7105, 5193, 3038, 1234, 2216, 2641, 2342, 2929, 3285, 8723, 5895, 2295, 713, 4233, 1942, 2807, 8396, 9016, 5369, 1969, 5688, 8748, 6285, 5153, 3577, 2568, 2094, 8443, 3766, 7758, 9790, 1783, 6198, 5127, 6786, 1914, 604, 3993, 8949, 4123, 5832, 8096, 8924, 5545, 6153, 1553, 5183, 7025, 1210, 3239, 5869, 9378, 3770, 6566, 928, 5701, 3444, 8194, 1084, 6338, 9558, 4472, 1484, 4244, 2313, 8484, 9399, 4305, 7070, 3914, 9741, 2083, 9720, 3206, 3547, 772, 1694, 5843, 7784, 9109, 3975, 4207, 8472, 3935, 7988, 5675, 6018, 9252, 8663, 8716, 6290, 8923, 279, 7910, 4728, 5936, 6947, 5764, 1085, 3494, 943, 8406, 226, 1539, 4272, 3055, 5060, 623, 3577, 3710, 6416, 1447, 1081, 7381, 378, 1866, 192, 4575, 3128, 7371, 4962, 3913, 8337, 1650, 8498, 8206, 6424, 2541, 5675, 5482, 2875, 7442, 2543, 4215, 8471, 2729, 1594, 6753, 4786, 5149, 1211, 3785, 4595, 6009, 3540, 8366, 4683, 3715, 9861, 5696, 9155, 6958, 2516, 9469, 8356, 4326, 3553, 2751, 5274, 1712, 2278, 5609, 3025, 6242, 3721, 2071, 5704, 7059, 8018, 4609, 572, 9626, 9788, 6672, 1964, 9621, 9025, 3051, 973, 8882, 5216, 3620, 8177, 1552, 2091, 6746, 6339, 7882, 5146, 6825, 6838, 6297, 6919, 1317, 618, 3499, 2205, 3187, 5180, 8993, 1344, 3399, 520, 2714, 830, 90, 3174, 2989, 6234, 4754, 4130, 4533, 4564, 2108, 6095, 2406, 994, 5368, 1664, 6396, 8808, 6768, 445, 5848, 3152, 3638, 4327, 362, 1706, 9828, 2960, 8375, 6057, 4054, 9087, 8231, 3344, 2888, 8053, 1412, 5063, 4154, 1293, 4463, 8907, 7972, 913, 9590, 5366, 8797, 6052, 1698, 634, 1089, 245, 7683, 2923, 9740, 5067, 9319, 5761, 6791, 8597, 7216, 2714, 4080, 3652, 2184, 1742, 4262, 6510, 149, 2181, 6847, 738, 4996, 4755, 4318, 3656, 6424, 5236, 2899, 4576, 1651, 1661, 6216, 3948, 6764, 1976, 7816, 5395, 280, 2717, 357, 6565, 7560, 7773, 8636, 1329, 4654, 726, 435, 1211, 4254, 4787, 262, 1832, 9900, 2419, 170, 6249, 3659, 3162, 2734, 269, 4621, 3638, 3741, 2004, 584, 5554, 6388, 1238, 2324, 812, 859, 195, 1262, 7016, 7701, 3286, 8635, 2116, 1566, 4785, 4151, 4142, 5772, 1544, 4423, 5848, 3703, 6613, 2261, 9378, 7930, 3412, 8913, 154, 5062, 4901, 1437, 8204, 5334, 1772, 2092, 2668, 1332, 9802, 6794, 6932, 465, 9937, 4417, 9092, 6271, 8877, 5539, 808, 4869, 6284, 1484, 5640, 705, 7879, 2144, 6938, 7703, 4376, 1931, 7114, 8488, 3749, 730, 2591, 4236, 3696, 6568, 570, 7927, 331, 8591, 895, 5437, 7064, 6087, 7768, 9671, 782, 6406, 124, 1298, 134, 6678, 2633, 7030, 6087, 2608, 1408, 4819, 1699, 8096, 4312, 9922, 9377, 3646, 8520, 5987, 1007, 4946, 4459, 8646, 1746, 167, 9264, 6116, 1797, 8585, 1393, 7890, 5549, 242, 3346, 1058, 218, 9874, 5900, 7222, 1414, 7617, 204, 3129, 5823, 8709, 6013, 2491, 5433, 8325, 5564, 367, 2808, 5321, 3190, 1736, 7360, 1231, 8255, 4998, 8438, 4601, 3473, 2683, 4298, 8933, 3710, 6177, 694, 7446, 2587]
[4911, 852, 3273, 978, 2397, 9481, 300, 2387, 4503, 6307, 8596, 4099, 122, 8027, 5631, 5230, 7474, 199, 1186, 1350, 2660, 9336, 3147, 9822, 5450, 2420, 3400, 6229, 5643, 5429, 653, 6628, 2566, 583, 4664, 5277, 6583, 9484, 8583, 8616, 7843, 369, 1983, 6015, 1207, 1919, 5039, 6285, 617, 4391, 588, 8910, 247, 5563, 6451, 7066, 5589, 6385, 8387, 3135, 7646, 6392, 8047, 6625, 8625, 5091, 6112, 5670, 9130, 8029, 8812, 6091, 5958, 9780, 2500, 2116, 3589, 9846, 1656, 9128, 417, 6553, 9307, 2518, 5564, 4189, 4857, 1116, 3940, 6813, 5757, 6727, 2658, 6113, 8190, 5466, 4304, 2515, 627, 6400, 5726, 4524, 1464, 995, 7821, 1469, 347, 7194, 891, 5248, 2536, 8361, 1026, 5840, 9096, 6064, 9077, 4733, 2430, 9710, 7004, 8607, 2514, 6382, 4687, 6305, 2847, 4152, 5163, 5234, 8370, 20, 5205, 7102, 3159, 7434, 1101, 4150, 7483, 3640, 5798, 8777, 3584, 1347, 6102, 978, 6942, 9071, 5485, 7963, 2371, 2544, 4866, 5787, 3760, 182, 6148, 8872, 1535, 6825, 7161, 6901, 7021, 2722, 9575, 7639, 591, 752, 8937, 7277, 5412, 143, 1093, 809, 4211, 22, 9069, 5716, 1543, 6454, 4035, 8543, 2937, 9735, 8595, 3086, 632, 8933, 5382, 396, 4939, 5138, 6496, 6982, 1451, 3651, 7213, 2009, 3572, 9699, 8565, 1609, 7290, 510, 2041, 4562, 5519, 8556, 2595, 8970, 1845, 8655, 7441, 9318, 3528, 7978, 9509, 1704, 889, 9003, 5163, 8782, 6339, 6347, 3665, 412, 6554, 1847, 3040, 179, 3261, 7919, 1028, 2484, 3582, 7746, 3135, 5534, 5983, 4839, 7492, 314, 7466, 4142, 9765, 3182, 3996, 2815, 5510, 4570, 654, 6012, 1573, 4378, 3387, 3488, 7090, 2765, 1757, 7164, 6326, 5413, 4527, 8908, 3610, 2166, 3674, 3225, 7841, 6911, 7671, 3492, 4153, 4897, 9943, 6163, 7847, 8775, 9815, 7592, 3014, 1373, 4588, 6469, 1023, 3732, 7659, 9216, 3965, 8348, 3107, 1492, 1840, 8002, 6501, 7554, 8042, 5019, 7714, 1020, 2429, 5345, 5078, 2457, 906, 5505, 8970, 588, 8198, 501, 4354, 1544, 7264, 3112, 5955, 8870, 2211, 5965, 9938, 7544, 9286, 516, 8278, 3450, 2681, 6343, 8536, 3764, 6982, 7776, 4624, 2972, 5696, 7794, 7672, 3796, 505, 632, 7200, 5213, 5922, 4622, 829, 2963, 4904, 3515, 9956, 8471, 6487, 2922, 1154, 7782, 3802, 8225, 8277, 7204, 3039, 1184, 526, 3830, 4885, 2003, 982, 3619, 1053, 5891, 6336, 1556, 9810, 1939, 7996, 2909, 9629, 7253, 3105, 8487, 6219, 4887, 1232, 9662, 6903, 9499, 6152, 4200, 1315, 4181, 2640, 3569, 3305, 17, 846, 8454, 1481, 629, 2938, 3150, 5112, 885, 6523, 8642, 4781, 24, 8828, 6142, 4860, 5699, 1960, 4319, 7087, 872, 6303, 2821, 4879, 3028, 6404, 2856, 3239, 2099, 4346, 5269, 5553, 1814, 4247, 5834, 9628, 565, 3132, 7270, 9806, 1952, 9972, 7025, 2735, 2889, 4984, 1225, 9269, 1995, 1352, 4249, 4331, 5903, 4722, 4770, 7591, 7159, 9385, 9114, 554, 635, 1764, 7846, 8043, 3870, 5154, 248, 5346, 3787, 5254, 3182, 2481, 4863, 8947, 5270, 4686, 7537, 5014, 6107, 5524, 2460, 8710, 9092, 9032, 252, 5060, 2115, 3714, 5204, 1539, 4198, 626, 8428, 8151, 8309, 7406, 3372, 5728, 5666, 3036, 3728, 7798, 457, 1429, 4157, 932, 5944, 1653, 8570, 7893, 1390]
[5010, 2320, 5738, 9998, 8161, 6811, 6006, 3895, 7610, 3570, 7775, 638, 165, 6030, 4908, 4901, 4412, 7947, 7423, 3549, 1076, 5056, 4767, 729, 677, 1184, 9330, 2548, 5716, 2628, 3035, 4420, 3466, 1293, 1319, 695, 2481, 2823, 2070, 4466, 3073, 8376, 2147, 5626, 9315, 1046, 5268, 6325, 3251, 1714, 280, 5918, 1103, 8883, 5277, 7435, 6972, 9772, 6115, 5934, 7988, 6886, 9740, 2147, 3851, 4927, 1796, 1925, 716, 9445, 1726, 8224, 2911, 160, 2412, 8054, 7487, 6588, 7406, 7844, 4147, 5035, 2558, 6300, 6813, 6802, 5566, 4033, 7025, 1001, 6904, 6784, 9981, 123, 2912, 5592, 8975, 1259, 8705, 2612, 1895, 2040, 8849, 4349, 4182, 9138, 1203, 524, 82, 7588, 2989, 7885, 385, 8039, 910, 6835, 2899, 8108, 7318, 4523, 7348, 861, 4048, 9172, 5431, 5991, 9242, 5920, 6882, 7639, 6920, 1989, 5025, 6946, 2003, 8316, 5709, 8543, 7116, 250, 9192, 9889, 5076, 214, 5819, 4083, 2343, 9253, 9804, 9936, 4631, 6460, 8753, 6079, 3669, 167, 768, 9215, 14, 8644, 5905, 2002, 7686, 3136, 3217, 2929, 3063, 3410, 1767, 892, 2930, 2998, 3181, 1555, 1458, 5960, 1807, 8475, 4263, 7134, 7643, 7998, 4062, 8741, 9409, 2568, 309, 9854, 4922, 2386, 1577, 1290, 6824, 9959, 6149, 5260, 6885, 8934, 2038, 5977, 5205, 9648, 3688, 9181, 8001, 4871, 1177, 8661, 3725, 9927, 4736, 1269, 6789, 6599, 3272, 9770, 673, 406, 5893, 9492, 4606, 1387, 6203, 12, 8749, 2037, 9959, 50, 9148, 6759, 6652, 7080, 1119, 4515, 2803, 3563, 1528, 2975, 4021, 9135, 8619, 5585, 3078, 9152, 2223, 6876, 9741, 6266, 3586, 5135, 4731, 342, 1011, 9103, 7806, 508, 2358, 2270, 1190, 3656, 7082, 6604, 4238, 2946, 3627, 5605, 6454, 6550, 1366, 2082, 3799, 9055, 5797, 1498, 2243, 3385, 85, 7888, 6273, 6923, 9181, 1971, 4454, 1120, 3274, 1037, 2236, 2828, 726, 7831, 1853, 1606, 2087, 7039, 8419, 3668, 3766, 660, 3436, 2847, 3685, 2830, 6657, 5345, 3008, 1762, 2619, 2914, 3470, 1936, 4759, 3348, 8281, 3499, 8269, 7416, 228, 8894, 9436, 2404, 2333, 8839, 8651, 4755, 7431, 8732, 1268, 9531, 166, 7079, 5110, 7559, 3754, 8054, 2966, 2475, 3935, 8367, 8751, 4485, 5091, 4401, 6596, 6183, 9693, 3549, 1050, 9514, 7271, 2988, 7674, 847, 8242, 784, 5556, 5860, 5679, 6643, 4061, 1730, 8125, 1293, 446, 8436, 5269, 4749, 2225, 8996, 5388, 8823, 40, 9575, 5834, 749, 5643, 1419, 4593, 8706, 4665, 1394, 6574, 4307, 4916, 8406, 271, 2482, 576, 6362, 8112, 2106, 7406, 8573, 9367, 2098, 4905, 9698, 8181, 5395, 3842, 730, 3742, 2105, 4177, 3576, 1049, 1903, 637, 3293, 2177, 8969, 8555, 6109, 1942, 5391, 4268, 1151, 1088, 2447, 6901, 7607, 9425, 5505, 8165, 7800, 7308, 4702, 1026, 49, 8844, 3348, 6421, 4452, 394, 2926, 3084, 579, 2651, 284, 5962, 2633, 3388, 9438, 9011, 1651, 6782, 7544, 6310, 1220, 4498, 6224, 9109, 7366, 2084, 7, 3472, 1670, 2383, 2855, 8546, 8070, 6930, 5451, 3985, 1220, 1887, 5796, 3857, 8110, 6253, 6120, 7570, 5019, 533, 7341, 2726, 9665, 463, 7719, 9377, 9728, 8806, 4819, 7552, 5887, 4086, 2779, 201, 9695, 5602, 8858, 6681, 7662, 3869, 8681, 9815, 2861, 9087, 3113, 687, 9408]
[5517, 6937, 5594, 9322, 1041, 5786, 3231, 8429, 9531, 6052, 9239, 8768, 9108, 9548, 1258, 8963, 8511, 9427, 5290, 2357, 3068, 1537, 6313, 1565, 7318, 3488, 1402, 1489, 1889, 3464, 9080, 7782, 4303, 5894, 3086, 1596, 7090, 19, 1797, 419, 408, 2099, 2207, 781, 5041, 454, 584, 3987, 1246, 4385, 7379, 2236, 9372, 494, 4312, 6829, 8874, 2031, 4255, 582, 571, 8056, 5658, 5432, 709, 883, 246, 2074, 5004, 4039, 9303, 7425, 2552, 2255, 4031, 3897, 2546, 7613, 2523, 2495, 2232, 8382, 3045, 5055, 4974, 2115, 8371, 9186, 3721, 5630, 6401, 5027, 1326, 8583, 6942, 8878, 1836, 3428, 5097, 3036, 6284, 6004, 5049, 4982, 7679, 5177, 8358, 2859, 9410, 2836, 8963, 9541, 6371, 3807, 8783, 7066, 5879, 2613, 6229, 8761, 9176, 8526, 3725, 2661, 9011, 9366, 9298, 559, 9858, 8421, 9075, 628, 2120, 3397, 4061, 2930, 6669, 7560, 1450, 869, 7136, 856, 1793, 7499, 8511, 9154, 5559, 5323, 9908, 7532, 242, 9357, 2045, 1900, 9486, 7460, 3441, 9998, 9248, 9087, 8880, 9492, 182, 4049, 2424, 4867, 7744, 32, 3347, 530, 491, 9362, 5974, 8313, 5341, 8852, 265, 2315, 7612, 3816, 6835, 1884, 2984, 7120, 4001, 8001, 6104, 165, 145, 1889, 3906, 8589, 77, 8022, 9761, 1070, 3366, 5083, 4949, 147, 3120, 2710, 671, 4013, 525, 5286, 9060, 1689, 9786, 164, 9105, 9819, 2204, 9245, 2289, 2731, 8826, 5174, 1279, 6501, 4387, 6118, 4847, 9089, 4592, 7247, 2923, 9590, 695, 2224, 9663, 1240, 4019, 6379, 8709, 1679, 3885, 970, 7501, 926, 4405, 4101, 5604, 6920, 6786, 61, 5099, 4913, 6508, 3, 5103, 1328, 8568, 5490, 5255, 299, 7314, 9790, 6956, 143, 6961, 9720, 9534, 2313, 9266, 3325, 6217, 24, 7279, 2191, 239, 9600, 6257, 3340, 1993, 4179, 7888, 9114, 410, 2601, 8753, 604, 8432, 8145, 5538, 3007, 5038, 7872, 7375, 4714, 1984, 9043, 2034, 2056, 4673, 8017, 7573, 9975, 8691, 607, 5555, 3718, 2551, 5507, 7420, 3175, 9624, 5330, 381, 6713, 4718, 5687, 8517, 1520, 4835, 6463, 1923, 676, 2777, 4272, 4318, 3979, 991, 2446, 6375, 5408, 6612, 3926, 3689, 4196, 9181, 1886, 2501, 856, 5669, 1650, 8726, 1686, 1175, 7814, 1987, 9965, 1023, 1074, 2543, 5857, 2755, 8205, 8309, 3052, 7125, 7434, 3234, 6091, 4231, 7695, 8335, 2030, 1135, 7510, 5645, 463, 5785, 2276, 8143, 766, 7166, 6465, 9809, 5792, 9896, 338, 6542, 4235, 7141, 6295, 2632, 4269, 7638, 2599, 6929, 1085, 8274, 7049, 5472, 5931, 8157, 9430, 4605, 1971, 907, 9314, 1574, 3778, 5326, 9525, 5197, 866, 6644, 5470, 3011, 8095, 2993, 7768, 9502, 8930, 6060, 5245, 3618, 4305, 9479, 3764, 1061, 7286, 4515, 6507, 6426, 2935, 3288, 5017, 7039, 2642, 6608, 8706, 2644, 2259, 7331, 462, 562, 6164, 843, 4683, 7679, 9639, 9907, 1811, 1021, 9025, 6329, 2186, 9393, 4349, 1259, 2701, 2083, 2250, 2149, 2831, 356, 5413, 2067, 7307, 7338, 8384, 5788, 9516, 950, 4343, 6749, 1057, 8559, 5319, 6188, 3225, 3619, 5988, 3357, 4282, 2871, 3440, 9784, 193, 8501, 9006, 3646, 3356, 1760, 3701, 207, 6936, 1869, 3713, 8807, 1752, 472, 8316, 6260, 876, 9717, 2079, 5410, 8014, 7262, 2884, 7892, 6918, 2544, 811, 8038, 9244]
[231, 6261, 8668, 788, 547, 2110, 4284, 1859, 3991, 2121, 7804, 398, 1445, 5080, 1539, 1898, 6241, 3444, 9633, 6940, 2566, 7293, 7614, 69, 324, 7626, 9908, 9744, 9662, 5829, 45, 6379, 5192, 2725, 35, 5212, 73, 8464, 1557, 7432, 1968, 9675, 6361, 4278, 8433, 1744, 6111, 4200, 219, 5925, 3670, 1287, 9514, 8454, 6510, 2, 1675, 3622, 1495, 10000, 4803, 5852, 9060, 9726, 1638, 3122, 7452, 1539, 6815, 2170, 8019, 1385, 3738, 4898, 4926, 1364, 5277, 9760, 6599, 9844, 8293, 9036, 7802, 6160, 958, 7045, 9513, 4408, 5285, 6028, 2635, 6778, 5361, 2191, 2939, 2754, 7919, 1044, 3027, 5871, 3533, 2113, 8060, 4391, 5744, 948, 4594, 7669, 1819, 8083, 4872, 5279, 7430, 8733, 1020, 5600, 8422, 6196, 7729, 7511, 2301, 2825, 502, 9694, 259, 8260, 6561, 8904, 9392, 7605, 9105, 5804, 8258, 1669, 877, 6891, 4746, 2754, 3633, 4070, 1592, 4618, 336, 6888, 7823, 8175, 9611, 2451, 3778, 5697, 3478, 5306, 5719, 570, 9670, 8220, 3395, 9899, 7185, 683, 1441, 8746, 6617, 6193, 2853, 1242, 4220, 3762, 6838, 6788, 2055, 9161, 9292, 5344, 4297, 8486, 8918, 5074, 9486, 1021, 1566, 7127, 5876, 8185, 4633, 1471, 8368, 5773, 8202, 3778, 6055, 4834, 6743, 6456, 5268, 6106, 696, 8175, 4686, 7965, 4041, 8402, 5248, 6507, 1737, 9799, 2100, 8786, 7070, 9754, 4336, 2427, 215, 4020, 1684, 2092, 6867, 4947, 346, 9513, 8893, 5935, 7168, 1730, 5442, 7256, 8554, 6742, 3330, 4049, 8963, 7816, 7867, 7707, 1375, 4139, 6355, 899, 3426, 7398, 4362, 8304, 7522, 639, 8392, 7633, 1067, 4958, 9531, 4215, 4210, 4295, 8626, 5224, 6024, 1061, 867, 2661, 7835, 1833, 5218, 1331, 3673, 3574, 7289, 462, 174, 5539, 1139, 5742, 1690, 394, 8713, 1997, 8550, 5887, 1609, 4028, 9459, 6206, 4560, 3222, 2161, 5227, 8043, 4588, 2008, 6099, 341, 4534, 7035, 4431, 9604, 3596, 4731, 1297, 4982, 2319, 1788, 9473, 8966, 7890, 9946, 6677, 9919, 9495, 3022, 7034, 5539, 8462, 6905, 4646, 9386, 9955, 4013, 8099, 7724, 7482, 152, 9737, 2410, 14, 8973, 2535, 9529, 7291, 8875, 6758, 6454, 9994, 1467, 4911, 7061, 5118, 600, 1516, 6172, 6342, 1565, 9681, 2545, 5262, 7022, 5297, 3791, 2481, 2043, 7506, 376, 7986, 3259, 6880, 6306, 5414, 272, 1056, 9927, 4732, 4855, 9413, 2111, 1412, 2376, 7115, 9710, 9046, 4528, 6686, 4697, 3569, 7732, 1258, 2114, 5960, 5471, 6246, 650, 9968, 6337, 616, 6523, 9172, 1945, 3976, 7337, 2603, 2510, 6146, 7777, 4871, 5479, 7541, 1890, 5920, 5561, 7203, 6175, 3676, 5285, 6268, 7708, 2759, 8639, 2267, 9811, 962, 4594, 5270, 3254, 8692, 6804, 3002, 5326, 4275, 5925, 1289, 627, 4692, 4818, 919, 3383, 4597, 8268, 6690, 3795, 4024, 2149, 6093, 3288, 544, 8511, 9924, 1636, 1433, 8798, 2448, 2015, 6036, 2733, 5093, 8661, 7211, 4844, 6484, 4768, 8886, 9522, 9494, 6204, 8198, 2471, 9866, 4354, 1015, 4424, 6718, 1786, 6929, 2577, 4130, 3110, 8653, 6850, 6179, 5019, 1557, 1513, 9510, 6730, 3638, 7051, 4646, 5450, 5919, 8835, 853, 5861, 9468, 7703, 5658, 8450, 3274, 1739, 3823, 4803, 2034, 8609, 9820, 1961, 6225, 1147, 9852, 8254, 1324, 6252, 4092, 578, 4544, 916, 462]
[1432, 7897, 8638, 2564, 7832, 2765, 4502, 3823, 1538, 4940, 3793, 2442, 5612, 6959, 6312, 1944, 3483, 67, 1079, 1552, 7117, 2371, 9176, 1692, 3743, 6749, 4822, 3484, 8909, 4937, 4393, 8087, 8336, 4992, 6729, 3308, 7597, 5182, 7090, 4231, 2149, 6033, 9191, 1825, 6702, 1653, 5196, 5899, 8998, 8520, 9471, 7602, 6134, 1302, 5019, 6437, 7731, 8130, 3408, 8306, 1417, 7625, 1002, 5350, 9993, 6147, 2168, 1051, 644, 7238, 8265, 957, 715, 3192, 8776, 5595, 7673, 2602, 3002, 2812, 9456, 9927, 8789, 13, 8638, 537, 3073, 5901, 4207, 2972, 6029, 2489, 1581, 8080, 1775, 270, 6025, 8321, 5029, 2931, 2239, 7211, 6960, 6431, 8271, 8265, 6048, 6092, 763, 6121, 8692, 4999, 4273, 4439, 129, 4103, 2786, 8874, 2972, 8860, 310, 2285, 7414, 9064, 5078, 6500, 6712, 1752, 9323, 2797, 3480, 5734, 510, 6634, 7012, 4640, 4251, 9033, 9995, 1046, 4677, 4811, 3090, 89, 2131, 5700, 4886, 2656, 2672, 9781, 5791, 4215, 8853, 8392, 7466, 4011, 8123, 8674, 9236, 607, 5277, 7880, 2665, 4569, 8823, 9505, 5140, 4778, 4736, 9088, 4010, 8493, 4970, 9933, 6449, 9085, 3474, 147, 2573, 2360, 5965, 4384, 9312, 2125, 5155, 379, 3287, 5911, 7771, 9476, 7259, 6911, 2467, 2788, 6122, 5360, 8202, 8077, 5782, 3970, 8285, 7091, 7524, 6743, 9975, 6478, 8734, 4882, 7371, 3442, 2806, 4616, 2960, 1728, 3591, 2537, 4056, 7140, 6640, 7651, 2133, 3396, 4762, 6224, 4923, 536, 7214, 5188, 6541, 2436, 6304, 5978, 1974, 709, 7518, 6582, 7748, 4725, 7977, 9675, 2540, 5897, 9889, 8711, 7338, 5453, 348, 2533, 6381, 7002, 889, 5816, 4462, 618, 4242, 5125, 5134, 3677, 1222, 3021, 1543, 8917, 5153, 4030, 5599, 1331, 143, 7546, 8221, 9015, 3943, 4552, 4927, 7643, 4342, 6970, 9607, 3338, 9045, 1670, 9398, 8242, 7560, 2668, 9440, 3488, 9926, 2936, 1751, 6868, 4747, 4787, 1534, 7881, 4210, 6837, 2155, 3989, 9276, 7544, 3336, 4557, 927, 970, 3080, 4777, 5330, 474, 5093, 8570, 4007, 5816, 1473, 2317, 2511, 1256, 6019, 8116, 5334, 2714, 9143, 4335, 2576, 2252, 8636, 7403, 8365, 1799, 5449, 5335, 4507, 8122, 3564, 155, 4824, 2472, 539, 1187, 909, 4228, 901, 4840, 7224, 7944, 9076, 8537, 2551, 391, 7312, 8665, 3859, 5262, 4281, 4559, 779, 2319, 5126, 5956, 9012, 1775, 8362, 8823, 8826, 6641, 310, 8376, 8747, 5077, 8543, 628, 1285, 816, 1943, 2319, 9236, 1121, 2241, 3333, 2145, 8925, 3957, 7772, 580, 9856, 9331, 6691, 8297, 3776, 3520, 3457, 1897, 9420, 9513, 3147, 8558, 4455, 4069, 923, 3878, 3046, 4349, 3072, 1036, 2500, 3333, 8656, 2931, 580, 4726, 9563, 1156, 419, 1932, 7636, 1885, 7609, 7088, 7658, 8112, 2787, 4636, 9595, 264, 7425, 8186, 9933, 587, 108, 8510, 8342, 5126, 6971, 9263, 3139, 5673, 9386, 4698, 6572, 58, 1235, 5719, 2117, 260, 5831, 7739, 4136, 5992, 5870, 6778, 9249, 9633, 9615, 1170, 5852, 197, 7322, 7912, 9322, 7591, 9433, 277, 7698, 8333, 834, 5018, 5609, 7108, 7932, 600, 6318, 1081, 1459, 3014, 2807, 2321, 7587, 6513, 2381, 4501, 6597, 9577, 7624, 4798, 2353, 6190, 6411, 2365, 487, 2745, 5989, 7600, 96, 3605, 9396, 2630, 5432, 9890, 2822, 9813, 2634]
[9607, 6896, 9911, 9328, 1502, 9964, 328, 4248, 9586, 5381, 9132, 1774, 5160, 4145, 5293, 3002, 160, 3721, 3345, 8776, 7332, 7738, 798, 8643, 8706, 4551, 7491, 5713, 8941, 5132, 7139, 3286, 8250, 8532, 189, 8489, 5638, 9376, 1361, 2591, 2566, 7932, 2400, 8700, 9239, 1613, 960, 4833, 608, 9417, 328, 7458, 2412, 3960, 311, 9059, 1690, 5001, 258, 2654, 3342, 7162, 4995, 8500, 4602, 7530, 2905, 4054, 7869, 22, 5498, 5116, 8952, 8631, 6712, 3701, 5160, 296, 8376, 5272, 5460, 3168, 5892, 4253, 3756, 9386, 1926, 9459, 4312, 5794, 4170, 753, 1075, 205, 450, 3452, 5728, 7655, 5746, 3906, 6093, 1390, 6538, 1057, 3054, 514, 6589, 8659, 4810, 8575, 4843, 3141, 8109, 2695, 7656, 7170, 7054, 2206, 1324, 8250, 8362, 8933, 5378, 7659, 3778, 8731, 3800, 4187, 4504, 6020, 4428, 2398, 9016, 7360, 4118, 2258, 8960, 429, 7992, 5379, 8841, 1891, 765, 7299, 1112, 2983, 2425, 9589, 2357, 266, 9684, 2256, 9756, 2298, 4215, 4481, 6307, 8191, 8774, 1574, 9402, 5229, 9978, 2876, 5713, 6856, 3218, 3655, 176, 2712, 1314, 3539, 5552, 9173, 9847, 6575, 3152, 3564, 900, 5912, 3970, 8229, 7410, 6048, 6449, 7487, 4714, 55, 6048, 2523, 5134, 742, 914, 1955, 5249, 1918, 2794, 8942, 3416, 1754, 5714, 522, 9770, 5575, 2893, 6078, 9217, 1017, 4413, 8630, 9040, 7564, 6050, 9169, 8743, 5111, 9599, 6778, 7126, 9224, 931, 1545, 1270, 4915, 4327, 4309, 698, 2319, 7252, 5190, 5884, 8864, 3105, 5269, 2219, 5944, 6517, 3690, 3950, 3589, 8076, 7486, 5229, 6977, 3351, 4985, 4616, 5826, 6440, 462, 9115, 2444, 4546, 2681, 9377, 3693, 9089, 7434, 2986, 4813, 8178, 8282, 2427, 2279, 6575, 4743, 9471, 1751, 9332, 7920, 3467, 6450, 4837, 1349, 1426, 7386, 6004, 1648, 3269, 7714, 8737, 3673, 9643, 7608, 8974, 850, 6310, 9136, 5097, 9908, 1677, 1434, 4121, 1231, 4154, 321, 9020, 9973, 6573, 8824, 6056, 5516, 2661, 7535, 3817, 1863, 5564, 3774, 9771, 5650, 8544, 1371, 5638, 6183, 6229, 8357, 4454, 5769, 1508, 5541, 7559, 9219, 2134, 2791, 7073, 4174, 168, 4576, 7678, 336, 5455, 1242, 6116, 8421, 5994, 5310, 7543, 1710, 5615, 4207, 3764, 7751, 4841, 6415, 1271, 7417, 7275, 7841, 287, 5866, 943, 5402, 8629, 773, 3414, 8042, 6830, 7213, 8940, 9008, 8319, 2990, 6371, 7742, 9185, 1330, 6897, 2571, 2273, 7789, 2582, 8077, 5446, 2254, 2779, 1182, 9204, 2926, 8760, 6032, 208, 9155, 814, 1133, 682, 4868, 4942, 4438, 2191, 8455, 3242, 2899, 7312, 3963, 1198, 3873, 4757, 6237, 7518, 9806, 6551, 1842, 867, 6849, 5934, 7645, 3524, 9384, 5319, 1333, 9244, 8360, 377, 6807, 8887, 9805, 8456, 5942, 2401, 9967, 9258, 6099, 321, 5918, 139, 7301, 4360, 7521, 4053, 4431, 1798, 5203, 2982, 6719, 9890, 6476, 2030, 2500, 8280, 9070, 7250, 7387, 5605, 9107, 4619, 779, 6224, 3228, 7699, 5446, 6474, 287, 1675, 4549, 1119, 2996, 2433, 8808, 4421, 2648, 4407, 6190, 9798, 6827, 3942, 1780, 4853, 6583, 2687, 2677, 5074, 9076, 2296, 7358, 9939, 4923, 9695, 5941, 303, 2870, 9948, 102, 9053, 7995, 85, 1050, 9061, 3336, 133, 6729, 8382, 4363, 5145, 5698, 3602, 6168, 6765, 9598, 7166, 6736]
[2728, 4193, 9373, 3440, 6932, 9591, 9309, 3606, 6080, 6449, 4120, 3919, 7207, 3756, 3340, 8227, 2402, 3962, 2680, 1730, 4279, 4977, 6651, 9030, 2633, 8894, 2418, 663, 4939, 1975, 3541, 9637, 3564, 2763, 25, 1202, 2123, 6232, 3688, 1555, 8867, 1259, 7975, 130, 15, 2892, 5679, 3224, 1412, 6087, 4973, 7323, 4469, 5306, 4732, 1964, 799, 7234, 5512, 2687, 5739, 3032, 2406, 3817, 352, 885, 5566, 8085, 4479, 3079, 9505, 3057, 8129, 6074, 9168, 3868, 6603, 5019, 8428, 8090, 3962, 7809, 5245, 8683, 8498, 6406, 5167, 1689, 141, 8351, 7988, 31, 7194, 383, 3695, 6022, 4085, 8245, 9470, 5547, 9912, 7914, 5411, 5195, 427, 631, 5162, 2212, 362, 7075, 484, 9210, 8346, 5988, 8196, 2885, 5729, 1733, 7239, 1225, 7309, 9930, 8426, 9135, 1502, 5093, 2261, 7066, 5269, 8003, 9007, 7275, 9393, 6008, 8270, 6717, 7703, 5394, 1515, 5394, 4583, 8691, 5187, 4420, 6893, 7046, 3633, 4904, 6973, 8947, 7835, 7872, 4216, 1989, 2850, 5651, 2390, 2266, 6226, 8832, 5932, 8011, 6864, 9326, 7736, 1553, 2983, 7361, 3512, 1259, 6108, 3939, 6086, 3971, 4585, 1562, 4926, 841, 2705, 3110, 6205, 4174, 845, 6427, 2881, 7136, 8864, 238, 5982, 2528, 1714, 8210, 2415, 5437, 8697, 6077, 6488, 8737, 1279, 5249, 8362, 8750, 1737, 9512, 8274, 1354, 9931, 7594, 1633, 4767, 1072, 3249, 3559, 903, 7564, 646, 8136, 8033, 5222, 5077, 5507, 8481, 7455, 866, 4700, 9807, 6110, 2488, 4186, 63, 9867, 982, 2660, 8634, 9111, 1955, 5131, 4467, 6685, 8989, 4358, 554, 1643, 3396, 4869, 3652, 7759, 794, 3603, 1779, 2960, 5934, 2620, 4236, 1197, 602, 5848, 4112, 3192, 7631, 8336, 2739, 9163, 3256, 5923, 6128, 4286, 6116, 3946, 2692, 798, 8368, 9844, 4972, 710, 7929, 2648, 1562, 4704, 3889, 7627, 3421, 3179, 5342, 8797, 5905, 6971, 9959, 7824, 6043, 3067, 5516, 1417, 1748, 6202, 334, 9977, 397, 9125, 8170, 2448, 3696, 1179, 8434, 5332, 8527, 2839, 1284, 6516, 7500, 425, 9808, 5061, 704, 5818, 5140, 2370, 9419, 1292, 3302, 5989, 7524, 4768, 9419, 1746, 3351, 4925, 2112, 3574, 2631, 4035, 3180, 8614, 1702, 6759, 6758, 3804, 2158, 2117, 3847, 364, 6337, 3245, 2555, 3158, 9915, 1077, 3078, 6228, 3405, 9797, 1998, 5400, 2978, 6200, 6912, 9231, 9527, 6781, 7793, 9378, 9897, 9735, 3409, 7243, 8637, 3317, 2065, 9077, 9611, 5022, 9764, 1886, 3312, 5436, 1228, 9979, 526, 8811, 3657, 7002, 7148, 3059, 5435, 1144, 3981, 2657, 3412, 4864, 5030, 7761, 6453, 373, 2555, 4122, 8891, 3123, 5068, 2177, 9997, 4636, 7644, 3583, 988, 1554, 286, 4979, 4164, 6894, 3674, 2173, 25, 2998, 4459, 4326, 5557, 3342, 4840, 586, 8051, 5392, 1752, 5672, 51, 264, 3083, 1953, 1027, 409, 2556, 3944, 3931, 3064, 3308, 3744, 8374, 9456, 1846, 3603, 740, 4560, 2155, 8035, 355, 2773, 9984, 9602, 1316, 8906, 9250, 178, 7490, 3264, 9401, 6805, 9076, 6973, 4252, 2169, 1701, 5725, 8199, 1141, 399, 3901, 3112, 5887, 4917, 2008, 252, 6806, 713, 203, 1087, 1788, 6754, 3795, 9699, 5885, 6532, 2413, 3331, 2706, 5669, 3828, 6641, 2896, 9500, 639, 7633, 1951, 6581, 5567, 7116, 4543, 977, 6460, 4918, 4838, 2550]
[5488, 5457, 2249, 4287, 9790, 8105, 9973, 2884, 9741, 9201, 4320, 1810, 4997, 1199, 6670, 4835, 4050, 9923, 7140, 9053, 5443, 3136, 1007, 9141, 5060, 4123, 3515, 7113, 2123, 5928, 9226, 3516, 9825, 1418, 7457, 4959, 1121, 4172, 6984, 3877, 9581, 8353, 9197, 5400, 3605, 5629, 4005, 1048, 7686, 329, 7970, 9194, 7055, 9795, 9025, 3034, 4524, 5332, 724, 1779, 735, 4197, 9462, 488, 5931, 5411, 4342, 9243, 9195, 9044, 7497, 6858, 7054, 3278, 4041, 2229, 1962, 359, 9391, 8455, 3270, 3828, 9669, 2941, 9898, 1208, 8458, 1632, 9331, 9317, 5741, 3963, 4689, 2006, 9414, 2372, 2627, 6148, 8461, 5759, 7858, 3709, 534, 304, 4048, 2211, 1377, 9590, 1181, 3826, 3724, 6891, 2015, 3779, 7909, 9825, 67, 4030, 2319, 7054, 8598, 5526, 3392, 9981, 683, 7904, 5173, 2785, 4589, 6384, 5500, 4086, 1770, 5864, 7357, 7445, 4291, 4432, 2393, 2699, 3663, 6000, 4529, 6982, 8560, 4632, 5402, 2970, 9234, 9175, 3116, 3579, 866, 4833, 7691, 2474, 2211, 2517, 235, 6596, 7013, 6991, 2293, 970, 2586, 4009, 7271, 9853, 2421, 6026, 9845, 5451, 4362, 9938, 6925, 2304, 6830, 8912, 6829, 5461, 2106, 8936, 7974, 9730, 2674, 734, 7424, 5200, 4099, 8704, 6525, 3507, 2995, 6037, 1014, 5004, 2199, 7750, 4979, 7128, 3866, 2676, 5828, 2367, 5419, 6322, 8459, 4698, 6541, 4057, 9643, 3807, 228, 3291, 438, 5700, 7499, 6699, 5766, 6285, 1757, 6130, 1506, 695, 4978, 1843, 5334, 9644, 4610, 9011, 1397, 8803, 7238, 5972, 2172, 7886, 7439, 4176, 4906, 9222, 1836, 7952, 9732, 1956, 6244, 4905, 6439, 2874, 9041, 7451, 5720, 5888, 6926, 636, 2443, 1000, 4435, 2527, 2076, 784, 2355, 3712, 9799, 7705, 8017, 9096, 3146, 1722, 1568, 8388, 3637, 4515, 2852, 2997, 5715, 3355, 3678, 1295, 4897, 2326, 2732, 9885, 1467, 2602, 7097, 7679, 6443, 251, 9958, 5924, 2145, 5829, 7320, 3285, 5422, 2249, 410, 6764, 9380, 2000, 8152, 8201, 9665, 8547, 8335, 4587, 8915, 6639, 6182, 2684, 10000, 9374, 4763, 5546, 4231, 6988, 3042, 5301, 573, 3494, 7657, 5835, 5395, 5902, 2669, 4522, 5225, 8860, 9859, 7986, 261, 5594, 6848, 1245, 841, 1896, 3945, 5197, 1793, 7931, 9195, 8916, 8965, 8866, 9153, 37, 3102, 2199, 6202, 7818, 2744, 7804, 2592, 1385, 328, 3236, 5805, 9552, 2303, 7046, 2869, 7375, 1215, 5980, 1554, 6285, 5563, 3757, 6056, 2346, 4185, 4290, 7147, 1907, 6611, 7775, 8748, 7446, 5338, 1088, 7068, 4160, 298, 6280, 6448, 4702, 1185, 2703, 1995, 9725, 2230, 1235, 2652, 2241, 4844, 8065, 1453, 7627, 2130, 5997, 2024, 9963, 1039, 3124, 6089, 7812, 5258, 2493, 8618, 538, 9401, 4070, 6032, 2391, 5126, 219, 3956, 1663, 2630, 8086, 1593, 6371, 1284, 1021, 911, 623, 3594, 9797, 3220, 1959, 6622, 8311, 6185, 9598, 6435, 2976, 8476, 1911, 3356, 5420, 7228, 4145, 2156, 3822, 441, 4688, 8649, 120, 942, 2673, 6947, 5006, 7809, 4836, 2684, 6046, 5385, 437, 4168, 3257, 7084, 132, 6445, 9957, 526, 9392, 80, 149, 1597, 3250, 1858, 5211, 6670, 5727, 435, 9065, 4520, 4775, 3981, 2131, 89, 6753, 1375, 4535, 7721, 883, 1665, 6150, 4829, 7010, 4814, 259, 3224, 1678, 1699, 7144, 3200, 6489, 3999, 7282]
[4143, 3504, 5149, 9300, 4152, 3547, 1521, 3405, 334, 4319, 3640, 4701, 2685, 8275, 4301, 9477, 3536, 2343, 2570, 6200, 2343, 6544, 8592, 1382, 2308, 3682, 6440, 9053, 3311, 9714, 6000, 5655, 8265, 5223, 5934, 814, 7723, 7790, 5440, 7085, 5413, 6468, 2620, 9561, 8644, 4331, 5129, 2856, 1735, 3547, 441, 8318, 5886, 4390, 4086, 4853, 6728, 9552, 9663, 6148, 8320, 66, 7774, 2006, 111, 2123, 9321, 1847, 9596, 9511, 139, 8965, 1600, 1727, 2430, 6636, 959, 6795, 4754, 7774, 3020, 2172, 2783, 7266, 9025, 248, 6742, 2460, 8468, 2537, 6292, 489, 5075, 9302, 3437, 3146, 7705, 6026, 6464, 8515, 3036, 8423, 3581, 4637, 1466, 662, 2608, 3842, 3597, 9652, 1100, 7309, 5268, 3262, 9337, 5187, 2464, 7137, 418, 6095, 3775, 5364, 57, 5437, 7548, 1656, 6656, 6161, 3880, 2049, 1980, 9743, 5278, 6763, 4893, 8379, 3264, 2683, 5398, 8565, 4528, 5682, 6650, 1391, 6109, 3600, 4039, 1879, 554, 3736, 1379, 8740, 7767, 2683, 3950, 3231, 840, 404, 1660, 8614, 7746, 1472, 6288, 3723, 6373, 3077, 614, 5200, 6001, 1439, 2231, 3421, 7817, 8584, 5222, 3862, 6952, 9932, 4391, 6517, 3947, 2021, 869, 7294, 7186, 341, 8726, 9531, 7191, 4426, 6010, 9915, 7079, 1021, 4946, 7001, 952, 4824, 9131, 9938, 9227, 4871, 662, 598, 3811, 7008, 633, 315, 7772, 7966, 9514, 7526, 8882, 2376, 886, 9735, 2710, 380, 397, 1842, 1736, 1030, 5453, 8847, 6203, 7704, 6518, 8004, 2384, 6720, 3057, 1723, 8401, 2914, 2739, 5431, 5097, 4374, 4620, 7386, 1840, 2024, 7083, 3540, 513, 9353, 921, 635, 441, 3949, 7647, 9629, 8270, 8703, 3933, 4223, 1554, 863, 2574, 5421, 9601, 3706, 5676, 5801, 4519, 5040, 9898, 8489, 3863, 8806, 324, 5798, 8718, 7537, 8691, 5355, 9758, 8838, 7026, 1088, 9673, 9956, 8081, 6931, 4590, 5375, 7637, 8464, 9505, 2006, 1400, 3925, 7447, 1212, 8825, 30, 8516, 5578, 2439, 5024, 5196, 8948, 6119, 8324, 8993, 9406, 9254, 4460, 787, 527, 4382, 815, 6801, 5730, 7032, 8700, 2378, 5533, 8487, 7009, 8441, 1872, 9173, 3316, 202, 9232, 7045, 8758, 3349, 6096, 3301, 8864, 1072, 7326, 5850, 2702, 6855, 2293, 2214, 8653, 7488, 9703, 1128, 2900, 4451, 9314, 5901, 8791, 7852, 7729, 8535, 9521, 9848, 3663, 1459, 2233, 9567, 6948, 855, 8010, 3244, 6224, 3840, 7571, 2911, 9598, 2589, 8425, 1620, 2001, 1336, 8529, 8774, 2879, 7924, 3183, 3279, 4081, 9617, 9913, 2304, 1042, 2533, 3827, 1521, 8392, 9689, 1527, 5147, 4853, 8350, 6291, 114, 2595, 9929, 6127, 1038, 7427, 8206, 5944, 4882, 4144, 4215, 5733, 2440, 3806, 5148, 1499, 6899, 1181, 1399, 9247, 781, 3345, 1478, 6586, 4952, 2854, 3471, 3555, 1227, 7800, 3429, 4056, 7438, 3300, 1860, 2902, 7065, 9221, 8508, 9735, 6807, 9696, 2633, 8906, 343, 9950, 8271, 220, 3976, 1983, 250, 8019, 54, 8578, 1607, 1212, 3152, 8421, 8334, 4857, 9744, 7373, 5324, 5329, 311, 4981, 429, 2708, 2580, 6945, 428, 2215, 1931, 6592, 9804, 1896, 4822, 1734, 7100, 7871, 3995, 1869, 1593, 962, 5278, 7977, 8819, 6583, 4251, 6404, 6165, 1468, 2851, 3954, 9271, 8765, 9506, 9059, 6785, 3753, 873, 9625, 7076, 7815, 7571, 7316, 8763, 2134]
[6764, 1396, 6376, 9274, 2405, 8378, 477, 3410, 1459, 8436, 8480, 9286, 2692, 8748, 6651, 1768, 2105, 3158, 461, 147, 8513, 7355, 4545, 6322, 6622, 9073, 6028, 8198, 4607, 906, 4051, 6218, 1346, 4207, 67, 6307, 8799, 1327, 5049, 4371, 9063, 3994, 169, 4220, 3580, 2948, 7820, 9142, 8596, 9292, 4590, 5199, 6708, 8914, 2248, 7634, 3619, 5047, 5259, 1277, 3074, 8820, 561, 2132, 6470, 5238, 8603, 1661, 3167, 4629, 2653, 1282, 5421, 2974, 3651, 1717, 1437, 1855, 6066, 7869, 9030, 5221, 1935, 3296, 481, 6582, 9731, 1038, 2118, 7514, 6344, 7252, 7015, 7553, 579, 684, 71, 7741, 9149, 9519, 9940, 9757, 9672, 6594, 5585, 9761, 3458, 1274, 9878, 6152, 1791, 1353, 8474, 4225, 9988, 4963, 3412, 2375, 2813, 616, 2020, 3954, 8217, 8063, 4602, 4205, 2123, 6685, 6795, 1823, 2532, 208, 5403, 455, 3853, 2670, 4275, 3037, 6412, 9610, 883, 1187, 1028, 6422, 505, 8535, 3756, 683, 3679, 6876, 4944, 476, 6185, 6514, 1017, 2758, 2794, 2254, 5825, 1008, 5263, 5140, 7450, 2339, 4303, 9120, 9686, 6574, 9258, 1808, 1220, 9817, 6207, 6173, 8005, 5299, 7677, 2019, 7438, 98, 2069, 3871, 4632, 5958, 6362, 2258, 9960, 1409, 8269, 5542, 6386, 5054, 7175, 7932, 2722, 2739, 5883, 9299, 3623, 9624, 4828, 2278, 83, 6041, 917, 7013, 1698, 2058, 73, 1417, 634, 9096, 2453, 7538, 6813, 9098, 8193, 294, 4344, 7035, 5557, 5852, 2580, 207, 5003, 7138, 2519, 9526, 5789, 1764, 5471, 1012, 9878, 6193, 5596, 4157, 2757, 1201, 2925, 3629, 9396, 6617, 1801, 6226, 9058, 6511, 6257, 4966, 1562, 3902, 9668, 7414, 2574, 5629, 5504, 861, 4020, 6235, 1527, 4152, 6431, 9531, 2231, 1872, 6825, 9880, 4764, 7633, 8770, 8614, 3135, 8636, 7814, 2841, 5396, 9189, 6610, 8710, 8309, 4508, 3266, 3663, 9424, 6297, 3695, 910, 7481, 9289, 5253, 6269, 3066, 5866, 2403, 4539, 2139, 6786, 6784, 1304, 2784, 406, 9994, 9774, 3562, 2147, 330, 4061, 462, 6655, 5481, 495, 5125, 8698, 5380, 3746, 6862, 2648, 3262, 7259, 5792, 2090, 6626, 3651, 6833, 3831, 5953, 6572, 162, 1707, 7406, 3079, 2318, 1724, 3180, 5701, 4493, 2987, 7077, 442, 6554, 5625, 7714, 1022, 2206, 6292, 9223, 2428, 1966, 3509, 925, 6642, 3676, 5972, 9637, 1392, 1625, 6852, 1722, 7280, 553, 7407, 1410, 820, 4032, 5722, 1029, 818, 3765, 1251, 6977, 4755, 6300, 9809, 376, 245, 6454, 7543, 8285, 2050, 3649, 9154, 44, 2850, 3220, 3588, 5514, 2831, 7964, 7664, 160, 7631, 3373, 6076, 8129, 524, 1730, 3979, 9881, 7542, 9907, 1561, 9908, 81, 409, 3080, 8821, 4673, 3183, 7952, 5585, 6503, 6254, 9, 6479, 731, 131, 4564, 1952, 5928, 794, 9334, 8200, 3171, 5562, 3982, 1104, 6676, 3362, 8247, 3360, 3802, 8517, 9004, 9167, 4413, 5536, 6287, 2866, 7761, 9897, 8468, 4991, 3230, 8750, 6503, 7184, 150, 1064, 9305, 7267, 5913, 8433, 1619, 7206, 2152, 7408, 453, 7241, 2222, 6337, 5927, 2680, 2147, 9929, 686, 808, 9261, 2134, 91, 4916, 8029, 7209, 1290, 8564, 3421, 7915, 8983, 7787, 2775, 2427, 5139, 3861, 814, 5388, 550, 7283, 4523, 7517, 2603, 4843, 1627, 7984, 1970, 3825, 4054, 4203, 2762, 6633, 4751, 1240, 8768]
[9492, 539, 6762, 9191, 2356, 20, 4089, 1193, 8368, 1667, 3752, 9906, 8982, 895, 5939, 852, 6580, 6799, 4279, 900, 9950, 3918, 1954, 9951, 9135, 6981, 514, 5662, 1448, 6706, 5312, 2510, 5900, 1456, 2047, 5667, 7286, 4648, 8443, 3571, 2475, 3185, 3894, 3737, 996, 589, 6699, 7778, 8564, 6608, 4429, 8577, 3719, 9682, 3340, 3289, 1695, 8095, 1220, 3298, 7032, 8683, 851, 6891, 6150, 2572, 2287, 6411, 7161, 8720, 7442, 2693, 4866, 133, 5744, 5763, 1933, 3006, 8420, 2622, 4070, 3725, 5734, 5797, 5835, 9218, 7933, 6335, 8440, 6960, 3883, 7599, 5036, 3056, 8447, 3140, 7127, 1187, 4304, 787, 4883, 210, 914, 934, 6086, 3554, 9762, 7940, 228, 8329, 5940, 9497, 4333, 2091, 8868, 3783, 4559, 6715, 5027, 77, 1921, 4814, 5487, 8640, 3167, 3427, 4296, 5387, 9744, 944, 2596, 3549, 1435, 1817, 6194, 5106, 3620, 8519, 2160, 1226, 4874, 7684, 8901, 6358, 816, 6681, 2277, 3381, 4647, 4757, 4166, 2026, 1815, 1472, 3651, 6685, 3052, 8770, 6222, 2111, 3954, 9538, 4658, 3210, 1181, 378, 7205, 3016, 7061, 966, 4523, 7781, 9405, 3282, 7702, 4458, 9925, 8617, 8501, 1061, 1045, 7024, 9976, 3099, 1917, 9059, 3254, 8308, 2745, 4887, 2385, 2345, 5054, 1465, 2566, 735, 3968, 7914, 104, 5696, 6317, 9838, 3701, 5970, 3657, 7157, 1713, 4997, 8678, 3095, 7219, 9090, 1539, 753, 1827, 7702, 1290, 553, 1234, 4078, 813, 1648, 5368, 4660, 493, 8946, 4816, 4288, 8068, 1787, 1228, 403, 1589, 1901, 9147, 4575, 3310, 4690, 7524, 2648, 8886, 2991, 3712, 1621, 5968, 4046, 2988, 9454, 9295, 4345, 837, 7518, 429, 3056, 7287, 2126, 1765, 6444, 8258, 1103, 2484, 2604, 2613, 4612, 1792, 5047, 1944, 4883, 8989, 186, 715, 8163, 1751, 7127, 6760, 3423, 1464, 5989, 6369, 639, 7963, 1629, 8362, 4885, 5103, 3052, 6758, 9566, 6735, 3591, 4743, 1461, 7971, 5867, 6566, 9353, 771, 1287, 6114, 3378, 1560, 6558, 2201, 4275, 582, 6813, 7560, 3783, 6821, 3992, 6052, 4362, 4742, 8397, 4003, 5036, 8736, 1811, 2307, 7189, 7893, 694, 6712, 6872, 2923, 2862, 5170, 2163, 9984, 7049, 77, 5332, 2960, 647, 9174, 2011, 8912, 9516, 6186, 1193, 5095, 9058, 370, 2684, 5335, 8328, 9177, 601, 6819, 9506, 4318, 8020, 9644, 1397, 6978, 9547, 2135, 3749, 6444, 4630, 3967, 2049, 2122, 186, 1095, 2880, 5840, 9089, 5489, 9767, 6584, 5734, 7722, 5326, 7589, 1231, 4984, 9012, 5843, 6986, 5267, 2506, 6323, 7275, 8766, 5482, 8466, 5538, 6054, 5115, 5991, 8182, 7070, 5309, 8246, 670, 319, 7837, 3265, 656, 972, 9675, 25, 1850, 1396, 9132, 5227, 2609, 3841, 5519, 4321, 6953, 1646, 8550, 7463, 1700, 3186, 9787, 6029, 5490, 8743, 1388, 9984, 2624, 7857, 9603, 4284, 4724, 2797, 2775, 8029, 9319, 9491, 1799, 7815, 1032, 5805, 4566, 6296, 4807, 5766, 9236, 3210, 5003, 530, 8325, 1719, 1583, 1437, 6868, 8730, 7919, 9563, 806, 7956, 1863, 7731, 8505, 113, 1028, 6630, 5629, 5984, 4376, 9200, 3414, 5106, 1382, 3353, 442, 8014, 1755, 5131, 8998, 9662, 7661, 7704, 1462, 752, 8588, 3649, 2800, 4676, 423, 9854, 7817, 6448, 1410, 1509, 7501, 8158, 9906, 7612, 8295, 8454, 7921, 1114, 3814, 7881, 2072]
[6287, 541, 119, 4914, 9269, 2588, 7329, 2268, 4279, 1385, 5732, 7600, 7162, 124, 5332, 2241, 4431, 8977, 4055, 2511, 4526, 5921, 6376, 1783, 840, 7616, 4448, 6665, 6632, 5108, 3156, 7633, 6855, 2091, 7615, 8143, 215, 4376, 6503, 6739, 8605, 2613, 1100, 8683, 1618, 8208, 8794, 5074, 6917, 6794, 1008, 7885, 7415, 5607, 4260, 1658, 8355, 8302, 8456, 2835, 6745, 7939, 3369, 3654, 5812, 3944, 5824, 8019, 7992, 5978, 575, 119, 4974, 168, 5426, 8541, 896, 7299, 6143, 9310, 5733, 7530, 7032, 9869, 2579, 6599, 2481, 4785, 1275, 4557, 6339, 9641, 2038, 1019, 514, 2849, 6873, 3621, 7544, 7030, 5458, 6799, 5679, 2217, 1098, 6205, 3895, 9094, 8012, 2446, 4800, 8577, 633, 3628, 8767, 3322, 7875, 3156, 2164, 5940, 6593, 9288, 1541, 9723, 9180, 2962, 582, 6346, 1098, 4735, 9375, 9926, 4566, 6558, 3821, 6965, 8524, 6998, 3468, 3427, 7062, 9492, 7561, 7433, 5097, 553, 2362, 940, 6234, 4648, 380, 3760, 8415, 9729, 3250, 4128, 8053, 4000, 7552, 4082, 4058, 9822, 981, 4797, 3092, 4695, 2491, 1703, 8660, 3182, 2113, 7061, 342, 4883, 3406, 9205, 8420, 6009, 4547, 6112, 413, 7036, 5757, 1919, 2850, 8467, 767, 7926, 9931, 7362, 3146, 1742, 2928, 4, 7757, 6832, 5452, 4565, 7301, 9543, 4841, 9522, 8804, 3663, 4655, 9291, 6599, 4034, 7365, 8719, 3821, 9169, 4971, 3597, 2244, 9239, 5722, 7666, 9022, 9823, 6995, 331, 7768, 4949, 1661, 8803, 8048, 1477, 2266, 2778, 2797, 4684, 7049, 2242, 2333, 5488, 1519, 3328, 9943, 5482, 3122, 2586, 9820, 4419, 382, 5247, 2902, 3629, 4480, 934, 7587, 2330, 5829, 4322, 355, 6181, 4513, 3496, 7667, 583, 4880, 2474, 9924, 3293, 9331, 1755, 7944, 6947, 7835, 6738, 4138, 9508, 5392, 9208, 7255, 67, 694, 6512, 6167, 609, 3214, 2618, 9638, 2508, 4104, 4741, 7087, 7933, 4338, 1843, 7197, 9359, 8583, 2821, 5033, 8843, 3898, 3506, 2669, 7075, 9978, 8943, 764, 8098, 5309, 3859, 7807, 30, 1761, 5900, 1893, 9849, 9915, 3737, 6286, 4324, 9566, 2265, 382, 8704, 2703, 5346, 3069, 180, 7257, 310, 1332, 2972, 4614, 1121, 318, 1552, 8444, 712, 5208, 7392, 3191, 9115, 9529, 7084, 7828, 3903, 5053, 9886, 9517, 8802, 7760, 8055, 6472, 7406, 597, 4853, 3634, 2876, 1843, 3771, 220, 2293, 9546, 882, 4358, 1333, 2456, 6059, 8235, 9794, 4479, 7301, 7645, 9413, 1297, 8529, 8682, 9656, 9500, 8541, 7151, 7813, 1924, 4741, 7881, 9564, 8713, 3341, 1026, 4360, 3762, 8719, 9454, 4065, 6322, 1279, 2525, 9203, 4134, 1972, 6414, 9117, 4529, 8911, 8938, 4876, 6024, 7687, 248, 1034, 3826, 3050, 843, 9425, 4880, 82, 6708, 9691, 8164, 9380, 1293, 9149, 7152, 1756, 4373, 9185, 6823, 7270, 4309, 6981, 8045, 5450, 674, 6349, 5537, 3684, 2533, 4919, 1469, 6795, 1347, 3939, 7534, 1633, 1017, 7630, 3682, 1281, 2105, 8822, 2349, 4088, 525, 4432, 8370, 7939, 4106, 710, 2548, 2819, 3566, 9304, 8840, 6424, 2192, 9450, 2196, 4813, 8323, 9522, 9137, 5755, 3901, 2048, 510, 1381, 8525, 5678, 9154, 1203, 7979, 6511, 13, 6105, 3828, 2452, 8470, 2526, 7149, 9771, 4407, 79, 2088, 9437, 7003, 3740, 9246, 8690, 4848, 1080, 7028, 7038, 7110, 3163]
[7744, 3806, 5599, 2940, 2523, 3786, 5299, 8857, 1847, 1909, 1926, 279, 1787, 9297, 8798, 2158, 7633, 8243, 2035, 388, 8620, 1128, 7094, 481, 2005, 5426, 8415, 9843, 1313, 2835, 8129, 1131, 8418, 2640, 6967, 8314, 7841, 4259, 9753, 549, 9000, 8094, 9813, 7196, 7778, 1201, 7489, 9536, 4454, 7761, 6108, 4642, 679, 1751, 4346, 2460, 9244, 6900, 2924, 8021, 1206, 3, 5764, 4955, 4145, 3859, 1968, 9765, 8352, 8891, 9633, 7616, 6763, 6546, 1180, 3491, 864, 4537, 7240, 8502, 902, 213, 4307, 4268, 22, 5470, 2625, 5482, 6154, 6932, 2156, 5829, 2887, 3030, 4406, 7392, 4456, 7941, 6097, 46, 5124, 6514, 9278, 9214, 87, 5974, 8592, 427, 2038, 9526, 5093, 7537, 1244, 9801, 9334, 8814, 2377, 9710, 304, 9931, 6916, 2393, 2312, 5124, 3253, 289, 9150, 1475, 992, 2728, 7442, 9947, 9547, 931, 121, 8061, 3972, 4088, 6780, 7599, 5115, 3449, 8576, 131, 1422, 6614, 8149, 884, 1326, 9014, 1440, 1079, 4500, 7200, 6115, 8095, 4728, 2315, 9470, 5051, 9635, 3749, 9716, 7646, 3740, 3155, 6953, 5342, 8113, 394, 18, 2768, 9695, 7248, 9048, 1304, 20, 3746, 1540, 8685, 2284, 9523, 6111, 2094, 7591, 6109, 7497, 9411, 8383, 9001, 9648, 624, 4783, 8981, 6431, 6862, 75, 2131, 268, 1603, 7785, 7595, 3698, 4441, 104, 1349, 5508, 9687, 3220, 4509, 7798, 8889, 8125, 9213, 2569, 8316, 7084, 2644, 1646, 3661, 9071, 1879, 9523, 665, 9279, 6070, 8917, 4221, 2923, 6166, 7668, 4402, 7509, 3680, 6411, 2321, 162, 9447, 3389, 8766, 3130, 7577, 1614, 4464, 2321, 4852, 2794, 8466, 6840, 4038, 9856, 3421, 9187, 7843, 4156, 9412, 8322, 5992, 9134, 9032, 4459, 5548, 3462, 917, 9410, 2151, 8855, 5511, 2992, 5407, 5535, 8949, 8652, 9046, 9403, 1300, 5995, 3431, 1357, 7731, 3210, 242, 4602, 683, 4646, 4528, 5674, 9700, 688, 1048, 6682, 9238, 7820, 5778, 1108, 4644, 3625, 674, 1217, 3806, 4586, 6157, 8129, 8985, 4183, 7451, 8431, 6969, 682, 2019, 1920, 157, 7775, 3037, 5821, 8762, 7054, 4479, 5853, 5379, 7146, 256, 392, 2048, 6832, 4400, 1413, 4134, 4618, 7214, 9275, 2946, 8144, 3395, 1630, 9362, 3410, 5112, 3661, 5393, 6665, 8570, 5237, 164, 4769, 4933, 8384, 3435, 2350, 3163, 629, 5397, 1691, 8790, 4158, 45, 8188, 7089, 9189, 2678, 820, 2102, 7496, 7971, 8870, 8148, 8642, 9536, 6021, 9806, 5718, 5362, 8276, 2680, 9856, 8458, 2822, 7192, 9590, 4901, 1320, 8213, 3315, 4409, 6895, 3975, 3754, 375, 3662, 3376, 1670, 2349, 6214, 8036, 9624, 3347, 8265, 4097, 9374, 7812, 7124, 7816, 5746, 6908, 9045, 4974, 6142, 3738, 9832, 1539, 576, 1544, 6487, 8178, 7158, 5151, 1153, 1692, 1909, 1956, 3987, 3146, 6103, 6245, 8048, 7826, 1788, 5630, 6158, 3101, 5453, 7932, 5148, 69, 9398, 2817, 4950, 8999, 3148, 5884, 5064, 4608, 7539, 8563, 6465, 2189, 2544, 4268, 959, 258, 341, 2170, 1221, 9016, 403, 3591, 4169, 2867, 9946, 8857, 5419, 4330, 5080, 8933, 428, 8934, 7735, 4420, 6067, 268, 714, 3940, 5128, 448, 7852, 4613, 8041, 8120, 5115, 8335, 1573, 3040, 5481, 2528, 6264, 2445, 1473, 738, 537, 8350, 4421, 9390, 4103, 3873, 8609, 1503, 8691, 1580, 7006, 9610]
[5798, 8812, 4209, 1491, 2581, 4523, 5764, 1030, 2340, 4400, 2721, 2358, 6164, 4763, 2123, 6584, 8309, 8842, 4612, 4892, 4115, 8998, 1334, 1770, 8112, 267, 7049, 5750, 9330, 7043, 1419, 3624, 6196, 8786, 8089, 9365, 2839, 8675, 8880, 9712, 4471, 3906, 1155, 815, 1239, 7591, 9485, 5104, 2010, 5055, 2149, 486, 9528, 6566, 8639, 1517, 1588, 2696, 2613, 3351, 7516, 6383, 4337, 6629, 4698, 2843, 5121, 5214, 468, 4790, 7710, 2477, 919, 7312, 7821, 4912, 3925, 5553, 6102, 6333, 4917, 1919, 5192, 2024, 1025, 3994, 5488, 4156, 6804, 7810, 7381, 1450, 8836, 9777, 5997, 8363, 2072, 5249, 8234, 485, 4574, 2970, 3215, 3125, 7913, 1470, 4946, 8243, 1045, 9975, 8578, 7111, 4392, 8641, 798, 6946, 7920, 3461, 5398, 5323, 1421, 4929, 9507, 9551, 3228, 75, 5962, 611, 1583, 3037, 3403, 9470, 2451, 5420, 5681, 5814, 8766, 9406, 9356, 1921, 4263, 2277, 4565, 8903, 6011, 7304, 4495, 9764, 9310, 6936, 8122, 8638, 6851, 6958, 2880, 4801, 8042, 5735, 9256, 8173, 6320, 4187, 4766, 3029, 6492, 7473, 8035, 6319, 3108, 7952, 7490, 7146, 4596, 3250, 8384, 6859, 487, 953, 1031, 3511, 5066, 7267, 5268, 4646, 2403, 4469, 9926, 3989, 5565, 1892, 1718, 7720, 5338, 508, 2698, 739, 1035, 6164, 3367, 1403, 5739, 5975, 4861, 1118, 1290, 6540, 4139, 4933, 316, 9433, 752, 3566, 3034, 3099, 2071, 3197, 7129, 9224, 3578, 9550, 2398, 9787, 1772, 2635, 4373, 2025, 5837, 6483, 435, 8473, 8745, 9484, 9474, 9987, 2033, 6797, 6215, 2986, 795, 6750, 4027, 6616, 1456, 3706, 2355, 7054, 5101, 4060, 8419, 401, 6446, 7119, 2490, 3001, 8004, 8472, 8424, 4968, 921, 8418, 9583, 232, 7465, 9794, 9652, 3693, 9515, 6184, 9884, 4513, 6230, 3319, 2378, 7301, 9998, 6509, 4704, 4447, 8039, 4520, 8694, 6324, 7721, 1266, 8979, 946, 4048, 3486, 30, 3399, 983, 8268, 7105, 964, 8219, 4373, 1300, 1354, 8975, 8132, 5225, 9849, 6387, 7887, 6722, 986, 507, 3271, 387, 6564, 252, 3837, 6654, 6406, 6754, 4677, 3604, 6866, 6855, 5626, 808, 2144, 6919, 4135, 8010, 3394, 5301, 6720, 6477, 2938, 2568, 1241, 2466, 88, 3049, 1927, 6275, 3451, 7503, 5744, 999, 1561, 1517, 6593, 2351, 7683, 8061, 5435, 9358, 8799, 8275, 9069, 9334, 1159, 4283, 6692, 8222, 6944, 6367, 5279, 3467, 257, 9270, 4626, 1909, 6389, 4035, 6949, 8359, 7095, 5449, 3456, 5919, 5591, 1668, 3566, 1554, 2306, 5997, 2865, 3619, 2169, 761, 4158, 832, 9483, 6236, 2802, 3578, 6670, 1224, 1689, 7001, 7287, 1481, 1325, 1678, 4906, 7414, 7997, 1342, 5920, 4102, 846, 538, 4346, 489, 9210, 8205, 727, 6294, 8553, 1344, 5501, 3355, 7683, 785, 4792, 2297, 6331, 6633, 6452, 7580, 5363, 7658, 7518, 7833, 2541, 8021, 938, 252, 760, 427, 345, 5055, 9085, 291, 9038, 5927, 8614, 1615, 2506, 7237, 9922, 8567, 6400, 2050, 2685, 8483, 9297, 8527, 8347, 2814, 9496, 5060, 4387, 1156, 1007, 8101, 5433, 808, 5526, 9444, 2149, 9320, 2705, 1671, 3620, 313, 3402, 1148, 5181, 2612, 5806, 6572, 9235, 3365, 4919, 9566, 3833, 2454, 973, 7404, 8, 5058, 5476, 2191, 5648, 9719, 6594, 2549, 3114, 8826, 4813, 6774, 4712, 6588, 588, 1714, 7077]
[8927, 2480, 6887, 8679, 9089, 5164, 7061, 8565, 3306, 5540, 5274, 9914, 9857, 5908, 1590, 2219, 7335, 4489, 3911, 2694, 4428, 6940, 3705, 9678, 669, 9170, 7701, 2265, 1120, 282, 5450, 2830, 2911, 1920, 6734, 1563, 9484, 4547, 1181, 141, 9002, 6291, 1715, 3915, 3453, 5551, 8517, 3008, 4265, 7935, 5656, 1254, 148, 943, 1944, 8619, 4680, 878, 9674, 5336, 6540, 1969, 8863, 2389, 4716, 6226, 505, 8346, 3792, 6515, 5264, 3394, 3235, 2754, 7436, 5739, 1477, 2647, 1237, 1969, 1409, 7266, 8575, 5081, 5264, 5792, 5528, 4851, 5246, 233, 1975, 6720, 3057, 4422, 5231, 8394, 9877, 2388, 2658, 2958, 9130, 8200, 7212, 3023, 2284, 2782, 4146, 4348, 8394, 8334, 6010, 5676, 9602, 612, 5158, 9689, 4403, 3525, 5310, 7784, 7876, 6524, 6199, 9856, 9689, 7090, 6608, 7781, 4578, 6388, 1628, 5607, 5698, 9864, 6204, 6789, 109, 9201, 6608, 8646, 808, 498, 9232, 5843, 7669, 5249, 7648, 8703, 7118, 8143, 1016, 6702, 6136, 2817, 5798, 3599, 5136, 6658, 7131, 8391, 6770, 339, 8082, 620, 7708, 5573, 26, 4178, 5666, 8625, 427, 2039, 3371, 3725, 3058, 6767, 5923, 3079, 9355, 4066, 7676, 9423, 3372, 4088, 9353, 3090, 2178, 7216, 9118, 4601, 1569, 5187, 2601, 9823, 9094, 638, 7037, 3693, 9039, 9139, 1302, 2243, 6407, 223, 7376, 3268, 57, 2290, 263, 3807, 4559, 5129, 8548, 1906, 2040, 4038, 1125, 3275, 452, 2771, 7743, 4632, 9470, 6682, 9749, 2173, 630, 5822, 3349, 1307, 2729, 1716, 6526, 4281, 2369, 3413, 7367, 6203, 6174, 4512, 9128, 4467, 478, 1606, 7752, 2867, 9148, 96, 2641, 8299, 2332, 8449, 2041, 6448, 1056, 9164, 3435, 6679, 1711, 318, 8952, 3129, 2991, 9531, 2348, 3533, 9197, 988, 2145, 8328, 4617, 8429, 8766, 8064, 5071, 7827, 5457, 5538, 7743, 884, 6073, 5241, 2227, 1424, 8060, 8798, 3269, 9810, 1483, 9207, 7467, 9093, 9164, 7536, 2794, 4445, 2569, 2146, 9790, 4953, 6409, 5794, 7093, 6089, 7838, 7457, 627, 6272, 1203, 2731, 8254, 5950, 5824, 9926, 6069, 2839, 1816, 5599, 3604, 1453, 2134, 3591, 633, 7111, 7698, 7725, 8517, 7107, 5305, 7210, 5608, 7151, 5497, 8688, 7738, 6776, 7133, 4391, 6756, 5055, 3697, 4510, 8498, 3954, 8945, 7990, 1744, 2648, 6302, 701, 6078, 4750, 3953, 7788, 5817, 7716, 9231, 733, 112, 5418, 6751, 5695, 4432, 3903, 7010, 94, 4445, 1847, 6641, 2, 5370, 4049, 3446, 9678, 1745, 3956, 5626, 1180, 2332, 3967, 8412, 2540, 753, 5312, 4324, 7025, 8875, 4728, 1432, 3766, 9830, 4944, 624, 303, 2702, 2742, 4822, 2055, 1814, 8283, 2196, 2796, 6586, 6614, 3021, 7159, 5229, 3770, 1234, 6254, 9829, 7166, 5401, 7122, 4216, 9633, 5081, 2431, 4146, 8571, 9551, 9603, 8194, 7944, 1062, 1764, 7651, 3884, 2649, 5677, 6958, 1823, 6084, 2525, 8620, 8448, 9478, 2348, 8146, 8966, 1320, 9181, 5973, 7505, 6211, 1565, 5142, 6523, 506, 8344, 8284, 22, 1561, 446, 8115, 9714, 640, 4497, 247, 4444, 628, 2563, 6988, 5482, 6319, 2902, 3310, 3818, 8179, 1631, 3734, 3709, 5292, 1579, 1337, 5817, 3819, 9224, 675, 6184, 1944, 688, 7031, 1763, 5111, 8563, 2526, 6542, 8022, 3548, 1762, 3541, 3442, 8160, 2817, 9064, 667, 5527, 5345, 428]
[1263, 3857, 8648, 9212, 8094, 1478, 1255, 1057, 9057, 2787, 4155, 7422, 3234, 206, 7972, 4792, 5979, 8776, 5399, 6660, 1742, 8076, 8918, 5573, 4126, 1904, 6509, 1631, 542, 1210, 5317, 4863, 7056, 5598, 102, 9567, 2302, 8031, 4921, 5523, 9257, 2793, 6290, 5024, 7883, 4486, 3692, 4557, 1664, 2751, 3664, 1965, 1649, 5761, 7737, 5443, 4538, 8265, 589, 3618, 2656, 5405, 2088, 9788, 3247, 1922, 5609, 4979, 378, 6847, 7461, 9506, 403, 9665, 2661, 4500, 5956, 10, 4035, 5196, 9078, 3527, 3515, 404, 3559, 8526, 1229, 8661, 7593, 3626, 9347, 2180, 684, 7627, 4586, 9343, 1417, 2351, 459, 7838, 8942, 4892, 113, 1866, 389, 4985, 7976, 1334, 5347, 6866, 9489, 3084, 7677, 7233, 8901, 6420, 9418, 5329, 3716, 6417, 6995, 9231, 2942, 2029, 6111, 4725, 8085, 9593, 5017, 724, 4562, 2365, 4931, 8733, 8284, 4375, 8451, 7523, 7821, 7540, 8060, 3446, 2501, 500, 6274, 1616, 498, 4537, 6011, 1164, 5482, 2434, 6758, 6912, 7838, 1293, 7499, 8519, 8130, 4934, 1829, 8691, 457, 818, 7363, 5526, 6432, 5005, 2569, 8521, 9877, 2998, 9803, 8697, 8346, 4121, 8740, 2693, 2249, 1903, 6925, 7076, 592, 2618, 9141, 4824, 3562, 5332, 1484, 689, 946, 7197, 1054, 9338, 168, 6599, 1187, 4247, 6363, 316, 1332, 7972, 5747, 1276, 1227, 715, 9809, 5273, 2818, 6937, 4067, 9081, 3151, 3451, 3459, 5102, 6264, 6903, 123, 6489, 4309, 8883, 200, 3835, 7784, 7114, 1002, 6075, 2691, 2834, 4231, 937, 4504, 5390, 5546, 3056, 6557, 445, 8881, 7829, 5079, 1978, 3536, 8674, 1480, 3387, 3203, 8981, 3108, 7620, 2287, 744, 9923, 800, 1628, 1763, 261, 3903, 1185, 3467, 8602, 2363, 9193, 8587, 1305, 8435, 6801, 1586, 2354, 4498, 3917, 9040, 4622, 9960, 4695, 476, 6269, 2978, 7117, 7090, 3055, 2944, 1521, 4997, 6834, 3238, 5723, 1723, 7280, 7691, 597, 2644, 5769, 7778, 7240, 1277, 8127, 3803, 9891, 4569, 8719, 2127, 1474, 827, 7373, 5403, 3416, 7612, 525, 8033, 7146, 5049, 9900, 275, 7450, 1531, 7777, 5462, 668, 5285, 6577, 7650, 5952, 7070, 1354, 2455, 6514, 5704, 2689, 1981, 3671, 6121, 1481, 2367, 2780, 6982, 8530, 1610, 6567, 5526, 6021, 5602, 5949, 9106, 7252, 3799, 6848, 7412, 84, 2560, 8412, 4780, 1770, 3732, 4025, 7529, 6632, 8876, 1856, 1795, 7966, 9242, 9370, 3107, 4606, 5637, 5229, 9220, 3542, 7046, 1340, 1086, 4668, 7500, 8785, 9313, 2364, 5606, 6595, 5267, 3639, 6261, 9175, 2595, 2435, 8607, 9965, 8397, 2865, 50, 4502, 3191, 701, 6447, 3167, 6739, 8396, 6334, 9940, 2975, 5473, 6896, 4605, 4508, 9535, 1523, 9348, 9081, 6938, 1179, 6346, 5467, 3537, 3478, 8979, 5032, 9157, 5993, 2519, 2959, 2082, 3247, 2204, 1299, 792, 915, 3261, 6359, 3888, 8743, 8520, 2707, 7161, 8412, 2536, 8730, 6774, 1127, 617, 3727, 4191, 7394, 7327, 7707, 7465, 2758, 4796, 2168, 9715, 9202, 1869, 4030, 4104, 3766, 2595, 2502, 4747, 879, 368, 4741, 6448, 9401, 6962, 1909, 5317, 4982, 1558, 973, 3290, 7357, 9423, 7107, 6416, 5029, 5386, 8032, 9018, 2519, 8910, 9292, 5169, 7243, 5773, 4204, 4055, 8580, 4172, 3293, 101, 1358, 4905, 249, 4242, 7684, 3719, 2212, 9495, 3885, 5726, 6622]
[4632, 5433, 5034, 5720, 9337, 2269, 8137, 2918, 3375, 8017, 9546, 6787, 6500, 1361, 9269, 898, 2827, 4006, 9453, 4758, 8790, 2526, 2666, 8872, 4952, 2050, 9655, 5743, 5509, 5661, 7867, 5891, 5612, 9883, 2930, 2201, 5132, 2717, 2472, 8027, 4884, 7610, 4350, 3819, 4060, 6118, 2135, 8118, 6516, 2359, 9227, 5222, 4903, 6927, 2875, 9235, 5402, 3263, 3664, 1878, 7443, 3117, 4099, 8503, 4097, 9763, 1569, 5257, 8675, 1692, 9930, 4878, 6412, 9388, 6259, 3935, 3794, 2124, 6434, 6026, 651, 4659, 2587, 6464, 6403, 6603, 5085, 3548, 7069, 1035, 1159, 2361, 4907, 9453, 8012, 9455, 8140, 5798, 4515, 8569, 5387, 2084, 9256, 4349, 8882, 7719, 6184, 508, 2091, 6518, 9667, 2465, 2206, 1563, 3515, 1770, 416, 6737, 9017, 4436, 3537, 6390, 3271, 7111, 7055, 8394, 4360, 2874, 2508, 674, 9215, 8104, 1951, 6190, 12, 5348, 3057, 90, 5487, 6779, 3972, 7968, 9887, 8354, 9455, 5774, 7580, 4688, 2733, 8719, 2418, 219, 6499, 7573, 4018, 2517, 2854, 4263, 7432, 7175, 8866, 894, 8387, 6284, 3998, 7304, 9084, 6863, 8932, 6453, 6247, 6469, 5815, 4662, 5223, 5210, 8330, 1162, 4201, 2926, 5127, 6793, 4674, 3368, 2474, 5908, 5010, 7439, 6618, 5102, 3369, 1980, 8958, 801, 8551, 500, 6554, 5648, 6133, 1476, 553, 8779, 2753, 1676, 4845, 8858, 8590, 5807, 3708, 1394, 7077, 3657, 3334, 8638, 1869, 9649, 1129, 2932, 4033, 3443, 2178, 9790, 3922, 4466, 5288, 9752, 6726, 2424, 7252, 9518, 9041, 4894, 2811, 4585, 4753, 5202, 4224, 8916, 3375, 750, 7445, 9123, 1287, 5167, 1827, 4784, 920, 5433, 2992, 9, 9254, 6228, 6566, 9230, 828, 4417, 1432, 6546, 8116, 3683, 1252, 5992, 3609, 9720, 5828, 8567, 9694, 3408, 5396, 41, 4788, 9500, 9289, 1758, 703, 8475, 8165, 4405, 8823, 3164, 5247, 3189, 4845, 5269, 6108, 8375, 2621, 8796, 5181, 3439, 8939, 101, 6554, 680, 6259, 8292, 8921, 2734, 1738, 824, 9940, 1465, 9108, 5829, 627, 4886, 3816, 1380, 685, 1697, 9760, 6267, 4370, 6455, 1137, 1831, 6292, 2038, 3800, 9990, 8826, 2215, 8565, 6934, 4663, 5212, 5099, 6895, 6415, 5229, 290, 4050, 5420, 7834, 8686, 1065, 9943, 2758, 7683, 4059, 4686, 7187, 259, 1907, 9356, 7948, 8039, 8451, 3259, 1993, 1758, 7087, 5054, 2259, 6793, 3433, 6325, 6170, 1246, 4038, 3884, 3397, 7433, 4320, 6411, 2304, 6592, 1306, 9781, 6725, 6508, 9621, 6689, 256, 6017, 335, 3567, 6155, 5315, 9560, 5111, 5878, 5575, 923, 7070, 5650, 9371, 1689, 6161, 273, 1102, 3466, 8645, 8957, 9166, 2658, 1944, 2587, 7505, 3930, 8285, 2512, 200, 801, 3928, 8190, 6158, 2890, 3077, 7474, 2890, 1591, 1214, 3586, 9653, 3916, 7197, 29, 630, 3739, 7044, 723, 942, 7424, 760, 5637, 1406, 3472, 3072, 4742, 4931, 5766, 6563, 832, 8676, 8117, 8193, 6370, 4091, 9105, 4350, 2155, 8028, 4927, 786, 6114, 4549, 5384, 7151, 6238, 7560, 8636, 3347, 4103, 1590, 8440, 4528, 3290, 271, 7124, 112, 6282, 5736, 5693, 8523, 6501, 4997, 1763, 3995, 3083, 306, 5341, 1632, 4685, 1796, 6314, 1207, 9417, 1257, 5410, 6105, 5408, 356, 8651, 5624, 4659, 4098, 3455, 9166, 1087, 4206, 3921, 7243, 5017, 8976, 7704, 4580, 9630, 7936, 7114]
[9088, 1254, 2366, 6927, 8116, 7078, 3950, 7539, 2987, 4412, 8747, 6843, 1252, 1907, 1844, 1299, 6130, 301, 3218, 4531, 1380, 1650, 1186, 227, 7520, 129, 5855, 6095, 1483, 4808, 8562, 5384, 179, 8002, 4449, 9010, 6127, 268, 4396, 3971, 1053, 3136, 725, 4933, 5452, 5439, 4464, 3330, 5466, 9022, 4271, 6812, 866, 6586, 7951, 8445, 2388, 6080, 442, 7537, 6780, 6807, 53, 4141, 4174, 5824, 2885, 2035, 7590, 2894, 8338, 1777, 6376, 1815, 203, 663, 3689, 7872, 4673, 4444, 1609, 634, 9979, 6302, 1025, 5405, 1435, 7947, 879, 8677, 8868, 6181, 163, 9444, 7640, 5341, 9854, 3444, 3123, 7640, 2412, 4575, 3949, 7117, 6864, 3379, 8972, 4371, 2560, 616, 7941, 5943, 8095, 9989, 6336, 3464, 1082, 5457, 9076, 4879, 8931, 8192, 5781, 1600, 5470, 2498, 6395, 5539, 285, 5783, 2766, 8993, 4816, 5200, 5708, 1224, 4581, 2282, 2814, 4064, 9431, 7892, 8355, 2306, 6508, 818, 9728, 8030, 4660, 8321, 2949, 7906, 769, 4274, 2688, 9864, 3636, 1828, 1111, 1770, 2202, 8023, 1392, 9747, 8448, 810, 841, 6585, 6511, 3301, 4523, 4533, 6387, 22, 1956, 7724, 2167, 614, 144, 5058, 3672, 2518, 7270, 200, 349, 6911, 576, 9862, 2032, 6497, 8199, 2871, 5627, 7087, 3518, 5627, 2195, 9396, 5115, 8477, 3604, 2785, 6550, 1917, 4379, 5855, 3085, 9306, 7263, 4857, 7711, 3983, 5442, 8387, 9090, 9367, 1502, 1299, 3714, 2740, 3851, 3036, 3808, 695, 5014, 1113, 2074, 4651, 9190, 4633, 3961, 7499, 5453, 6278, 8727, 8920, 1592, 3957, 6980, 9159, 1914, 5616, 431, 7696, 3798, 594, 3667, 5329, 2649, 7371, 4983, 1037, 9916, 9567, 4639, 9232, 8323, 2756, 6278, 4172, 3608, 2581, 4949, 9451, 9947, 2298, 3830, 3008, 2982, 8969, 6681, 6033, 5603, 3697, 1458, 4094, 7090, 6397, 7861, 9355, 7823, 5646, 2046, 6683, 5545, 8365, 7888, 9789, 215, 7384, 3816, 9123, 6042, 6732, 9537, 1519, 6246, 2035, 3402, 1168, 6889, 9134, 8580, 7656, 8567, 1440, 2515, 2629, 8753, 4247, 3593, 7707, 5888, 2296, 9139, 4233, 5149, 6573, 8859, 4590, 3417, 6775, 8651, 3943, 337, 297, 6888, 1844, 6407, 240, 2499, 4810, 6577, 2657, 3143, 9419, 5566, 3705, 5338, 5792, 7538, 1612, 6185, 1534, 7572, 6150, 1177, 1806, 9923, 1353, 5635, 3487, 7809, 687, 2255, 432, 9781, 5347, 6352, 7793, 2395, 5695, 7580, 8480, 2195, 9115, 1678, 1751, 789, 624, 6946, 851, 1473, 8762, 2494, 8953, 8623, 9209, 3779, 2396, 7406, 3985, 7129, 802, 5266, 5599, 5217, 533, 5499, 6651, 7911, 3717, 7447, 1912, 1806, 4855, 218, 2027, 2334, 9763, 1921, 7806, 2701, 5477, 888, 8652, 6350, 3197, 850, 5554, 7269, 2205, 9956, 7716, 6007, 5724, 6440, 6291, 8574, 1834, 5206, 3191, 8208, 9210, 6558, 2265, 8299, 6894, 8694, 8991, 1515, 7424, 6194, 106, 9307, 9570, 6550, 4480, 7712, 6442, 7433, 8987, 318, 7226, 6241, 1826, 9238, 7933, 3515, 6492, 6559, 9520, 3010, 7610, 618, 7410, 3806, 412, 6420, 4727, 5039, 7254, 1179, 7622, 7971, 7886, 4992, 5081, 6611, 2625, 2561, 7689, 5818, 761, 5950, 4764, 2095, 7386, 5502, 5869, 8195, 2910, 4709, 9216, 4205, 4849, 9939, 5329, 216, 4322, 4120, 9035, 9309, 2230, 9840, 7213, 9076, 5715, 5035, 146]
[6237, 5535, 1710, 8387, 949, 4917, 7552, 9104, 3503, 6969, 4668, 639, 5715, 7745, 7942, 9006, 1472, 4653, 204, 3192, 1258, 469, 4082, 7715, 4563, 2971, 4260, 2679, 2841, 7999, 9112, 6058, 9072, 5070, 1573, 1935, 2543, 3743, 2047, 7087, 922, 7537, 8926, 681, 9664, 2667, 3224, 4891, 5209, 5875, 5557, 6129, 9918, 9624, 8197, 7872, 3838, 7794, 8440, 4798, 9206, 5338, 3820, 1330, 4190, 3437, 9545, 3199, 9147, 8901, 6361, 7991, 3868, 5046, 7537, 7532, 9829, 8535, 2335, 7451, 9391, 5343, 5216, 3154, 145, 8339, 8110, 3512, 1632, 4170, 9490, 8841, 957, 8678, 2106, 8613, 4474, 4585, 2807, 6086, 8993, 279, 3191, 6742, 3942, 6176, 1683, 8906, 9934, 522, 1364, 4081, 2, 9257, 2179, 5332, 5003, 2482, 2561, 4601, 3786, 3210, 1525, 4631, 9266, 3537, 1456, 9410, 3720, 3127, 5320, 9779, 2715, 2100, 1406, 900, 9973, 4434, 6716, 4603, 1745, 7522, 9660, 3376, 3796, 5064, 5550, 1393, 4537, 6766, 3034, 7842, 8810, 8565, 8427, 8550, 4300, 6718, 7915, 9781, 1878, 5494, 4897, 7309, 2845, 6530, 6038, 4312, 8161, 8487, 9814, 3763, 9332, 7601, 5070, 5487, 281, 4717, 8601, 6505, 2862, 661, 9814, 2269, 5543, 9777, 4035, 9145, 5949, 7638, 3483, 2279, 1757, 2486, 6396, 4399, 4983, 8288, 2311, 5713, 12, 1664, 5371, 9188, 7659, 6964, 3029, 6626, 6091, 6921, 4366, 4137, 8702, 7248, 6124, 9638, 422, 9135, 4273, 6463, 9148, 9827, 2884, 4842, 2632, 413, 8590, 9224, 4780, 866, 1458, 1035, 4528, 8673, 6786, 9548, 2529, 1404, 6888, 4596, 4513, 7057, 1962, 4314, 562, 9421, 8653, 6816, 3294, 8249, 9455, 7352, 2840, 5221, 5974, 1, 1216, 3843, 4613, 3598, 9188, 5358, 5308, 3422, 7787, 8783, 5621, 9528, 1885, 3053, 5537, 9099, 8491, 7856, 9470, 9755, 1571, 6842, 2176, 6025, 3040, 1113, 6888, 2058, 1010, 2268, 1526, 2067, 6914, 5949, 6325, 1325, 9577, 8976, 5267, 2710, 9141, 4071, 7861, 2241, 4658, 2763, 953, 822, 1616, 7786, 2048, 7008, 402, 4490, 9291, 1196, 9870, 6097, 4682, 7789, 1112, 5243, 6469, 9639, 4943, 6341, 622, 6606, 1872, 8333, 8205, 7023, 9892, 9026, 8714, 3737, 2526, 467, 6991, 6040, 2732, 6864, 4867, 2176, 4951, 789, 1771, 8215, 6558, 5420, 5877, 6925, 2343, 6423, 3171, 6209, 3670, 5078, 9384, 3605, 2583, 7685, 3689, 6493, 1575, 2378, 1058, 4725, 8085, 4779, 1673, 6313, 786, 3671, 6249, 1564, 6941, 853, 4533, 3042, 2194, 1422, 959, 3273, 8421, 9711, 1514, 5663, 9053, 6352, 8519, 7279, 781, 6996, 9376, 4548, 577, 4374, 3741, 4127, 331, 8019, 3135, 2622, 9009, 755, 1524, 2984, 8145, 3481, 6004, 6338, 9426, 9641, 6681, 1269, 8058, 1450, 6546, 5485, 4287, 1781, 1090, 2930, 5342, 1479, 7067, 3895, 1552, 8475, 1780, 9067, 450, 5040, 7537, 1880, 4795, 946, 1837, 2424, 2057, 6205, 6679, 9960, 6395, 3649, 369, 732, 5008, 1465, 2005, 3592, 482, 100, 1902, 1789, 9267, 3528, 4720, 1950, 3765, 3785, 947, 8694, 1783, 8413, 9013, 9507, 9037, 3092, 5047, 347, 122, 1913, 6463, 6940, 8179, 2643, 6614, 2169, 365, 4790, 5405, 7085, 2717, 7854, 8522, 2585, 8585, 402, 748, 9379, 3655, 100, 75, 7150, 619, 3230, 5530, 8584, 8144, 1642, 5615, 3362]
[8153, 4107, 2346, 16, 3564, 9633, 245, 211, 1028, 1822, 2386, 4594, 5960, 744, 8676, 7647, 7475, 8378, 9431, 4461, 8696, 4594, 557, 5631, 4096, 7700, 402, 929, 713, 6719, 5371, 2366, 4975, 2300, 5621, 1993, 9860, 6330, 8371, 6785, 8762, 8702, 3670, 9343, 1694, 2365, 3211, 7767, 7320, 2381, 2950, 4163, 4222, 7422, 4554, 621, 9220, 3060, 5453, 1732, 73, 4524, 8658, 1439, 674, 5197, 5672, 9174, 5058, 1554, 6780, 7315, 5016, 1448, 369, 6045, 2912, 9309, 5369, 4198, 4876, 3050, 3720, 5152, 3295, 4813, 8506, 3052, 30, 6595, 1770, 5209, 2653, 3424, 6066, 2628, 7390, 234, 8, 9303, 3188, 9470, 241, 7558, 8252, 9839, 4806, 4941, 10, 5982, 6646, 4599, 651, 9293, 3396, 5314, 4930, 4071, 9944, 7476, 6209, 1371, 1960, 8674, 8335, 4642, 1744, 6640, 460, 9964, 6918, 2364, 2707, 3226, 5916, 5256, 8985, 3474, 8157, 1414, 5519, 6369, 2141, 4758, 1017, 3235, 3513, 9843, 5632, 2170, 7143, 8380, 848, 1315, 7708, 1077, 9756, 9556, 2673, 1953, 7337, 8599, 2455, 6784, 7159, 5725, 3326, 3656, 7777, 2440, 3212, 1320, 2249, 6985, 2183, 8103, 7636, 7213, 361, 664, 788, 2664, 6248, 7263, 4064, 8671, 9189, 4855, 5076, 2299, 2570, 288, 4059, 7738, 7957, 6292, 3669, 8254, 3995, 438, 2348, 5221, 1089, 668, 5840, 5816, 1189, 469, 2187, 8115, 3780, 9632, 6438, 1911, 4918, 3860, 4727, 254, 7652, 3475, 4634, 8531, 1858, 8793, 604, 8770, 3988, 6192, 576, 8454, 7816, 4516, 4101, 6237, 4434, 5538, 4382, 7892, 7777, 2617, 7468, 9353, 9807, 8491, 4172, 2930, 1089, 3280, 685, 6506, 4242, 1827, 7159, 4196, 1639, 5044, 6049, 2580, 4803, 2087, 9220, 5502, 6077, 9421, 9993, 8865, 65, 8055, 6158, 930, 2828, 910, 9417, 9244, 7886, 35, 2249, 9939, 873, 1236, 1302, 8029, 2066, 2847, 1203, 9652, 8519, 8494, 874, 4575, 9515, 1833, 4065, 6355, 8044, 5133, 1907, 6186, 8084, 5447, 2330, 2858, 1866, 1740, 6384, 3000, 1272, 4109, 4714, 7196, 6250, 3439, 1776, 5836, 8847, 6167, 5421, 4588, 873, 7228, 9291, 1565, 5414, 5349, 3970, 6643, 7613, 9404, 2810, 595, 3998, 8725, 7494, 473, 5742, 844, 5824, 802, 7378, 8122, 5474, 444, 5253, 6283, 3999, 7081, 2137, 1108, 5765, 2078, 47, 5262, 8102, 3074, 6912, 2681, 4954, 2145, 855, 9868, 3730, 4461, 5396, 6416, 6103, 4748, 7798, 3653, 2155, 3104, 1900, 4368, 1325, 3702, 2309, 6277, 4496, 1357, 1617, 4177, 6381, 649, 5577, 388, 3590, 1498, 1373, 8262, 4377, 2374, 7461, 2431, 6253, 2930, 4190, 6871, 6721, 6040, 9879, 4748, 420, 7824, 9900, 9415, 3574, 8141, 363, 6885, 3709, 367, 2568, 4511, 3634, 3081, 2327, 5639, 79, 1651, 5095, 2100, 2758, 7616, 4496, 7928, 9028, 5504, 4688, 3084, 5027, 6107, 7453, 3201, 2602, 4852, 4301, 5112, 2756, 1962, 8240, 3942, 9897, 7732, 3100, 835, 1927, 8274, 5900, 9423, 1220, 7784, 6444, 3568, 111, 5517, 7370, 5811, 3151, 7511, 3552, 1660, 6158, 7331, 1122, 7789, 5072, 7416, 2252, 366, 9672, 3582, 2867, 3632, 837, 6924, 3700, 7874, 4762, 2435, 7196, 536, 7356, 295, 4539, 6885, 5596, 7076, 7739, 4104, 5241, 5560, 5314, 6373, 2417, 2027, 757, 3967, 9087, 8382, 748, 6304]
[4317, 2602, 5338, 4152, 3392, 9837, 1343, 4303, 4781, 1880, 1283, 5937, 6643, 4920, 2727, 8050, 6104, 7608, 3502, 7663, 1997, 2780, 850, 8156, 5405, 3519, 4345, 5938, 8196, 5345, 6844, 3699, 4865, 1551, 6177, 8690, 9800, 8124, 2885, 2343, 9616, 8633, 9238, 5532, 4648, 5987, 7218, 212, 162, 8934, 3382, 3163, 7553, 2121, 5589, 2857, 8725, 8379, 3473, 4616, 5582, 8525, 1393, 5770, 4572, 3398, 8433, 2544, 1301, 5869, 2230, 2366, 6081, 1759, 1236, 9796, 9433, 992, 134, 7413, 7161, 4590, 368, 6619, 5134, 311, 2798, 3802, 287, 2902, 5217, 8679, 9819, 2352, 4078, 3168, 5783, 6148, 6916, 7530, 7473, 3054, 5253, 200, 2583, 2694, 7806, 5716, 2450, 5266, 2441, 3013, 2634, 1589, 7443, 6969, 9682, 5105, 8969, 1598, 4884, 3524, 9591, 3319, 3755, 3292, 1065, 1517, 3916, 9886, 1076, 369, 5633, 7183, 2383, 7374, 1660, 7923, 5369, 1414, 8129, 6786, 7046, 9680, 1200, 9434, 3417, 1894, 2093, 1531, 3794, 2608, 4989, 2900, 6631, 1144, 4166, 1444, 1605, 101, 217, 5959, 2138, 7384, 4778, 285, 2581, 6382, 586, 1681, 4160, 947, 800, 8704, 2055, 4677, 31, 8733, 1088, 6534, 759, 9714, 9567, 4554, 1532, 8702, 5691, 760, 6621, 979, 568, 7655, 5727, 5240, 3146, 491, 239, 6911, 7591, 9003, 823, 7874, 6579, 3450, 4617, 4551, 7255, 2219, 447, 1478, 5181, 6968, 5061, 3697, 7950, 3695, 3374, 2561, 2275, 3099, 4773, 1520, 6607, 828, 9373, 7155, 1668, 4647, 2359, 3617, 6568, 7993, 7168, 394, 1267, 3120, 6718, 8593, 9106, 735, 1838, 2746, 1460, 3748, 1625, 5406, 5495, 6361, 4781, 8604, 5377, 5161, 3828, 5052, 1547, 6571, 9033, 8164, 5408, 8385, 499, 4316, 3100, 4400, 4476, 4249, 4672, 6725, 8965, 8715, 4224, 4503, 7078, 6559, 9772, 8016, 7450, 5578, 1444, 4976, 4127, 7025, 1888, 1755, 6163, 9846, 7633, 3624, 2550, 7760, 3899, 6393, 8022, 8502, 6099, 8229, 2169, 3693, 7390, 7125, 7275, 5626, 224, 6818, 9804, 1372, 5879, 2239, 5336, 5576, 7863, 122, 1711, 7084, 8703, 9684, 8053, 3261, 1251, 3064, 4543, 9167, 9867, 1363, 9272, 860, 1934, 7885, 6385, 8001, 3023, 8269, 7397, 8067, 4325, 3460, 4209, 5458, 2936, 5919, 7201, 3006, 7781, 316, 8102, 8203, 7385, 8393, 723, 1664, 6245, 5324, 1576, 6407, 9444, 5890, 3305, 3260, 3018, 2797, 2157, 9049, 1476, 4717, 6737, 5758, 1522, 1486, 7157, 2638, 2857, 1286, 4124, 4719, 9937, 3460, 3704, 2316, 6855, 772, 1456, 8068, 8282, 6350, 747, 598, 7778, 8918, 3232, 5562, 1802, 1022, 6247, 7666, 6685, 702, 1308, 7099, 7187, 3613, 1835, 1901, 4345, 2472, 6185, 8580, 7484, 8378, 7156, 9110, 3918, 9348, 1520, 4959, 5052, 6890, 888, 3973, 1027, 3086, 1808, 4847, 4122, 5854, 9464, 2941, 4287, 9879, 4798, 1428, 9744, 6032, 5768, 7138, 7884, 7136, 2839, 7730, 8454, 1886, 631, 2755, 7096, 3962, 9974, 2718, 8188, 9129, 9291, 2443, 9736, 7024, 7016, 1126, 1686, 2209, 2610, 7698, 1556, 5365, 2345, 3878, 4348, 7769, 5015, 2176, 5272, 7488, 5867, 6709, 2299, 2129, 8695, 3421, 3901, 6516, 2730, 6326, 8796, 7694, 1981, 9964, 8495, 8120, 1822, 9150, 7389, 6610, 2913, 7850, 2079, 9947, 2570, 5555, 3262, 428, 3488, 196, 6708, 1139]
[9026, 691, 5163, 7197, 4706, 6702, 3339, 5873, 3571, 7376, 5783, 7752, 3455, 6396, 9738, 281, 4176, 1475, 5643, 8902, 2955, 4815, 4678, 4278, 2609, 9735, 3293, 6612, 1326, 5459, 7321, 5399, 4886, 5884, 6909, 6541, 8289, 3823, 8083, 1243, 774, 9077, 8038, 7737, 6721, 3067, 5361, 6465, 2512, 3591, 8444, 2473, 6867, 6132, 2633, 9255, 4154, 4280, 998, 5423, 5952, 3991, 5912, 8927, 4942, 7919, 9639, 8897, 4218, 3420, 4451, 4473, 9437, 5717, 8155, 3913, 180, 5917, 9440, 7150, 2145, 9149, 115, 1168, 3440, 3397, 3732, 8735, 2266, 2395, 821, 5214, 8913, 8709, 8516, 4080, 5582, 1005, 4596, 5427, 7782, 5607, 8846, 5257, 6442, 8760, 4789, 6721, 8712, 1928, 2340, 7613, 169, 4003, 6159, 822, 3191, 5443, 5587, 494, 2144, 7523, 718, 4365, 7127, 9913, 5834, 6888, 7667, 4642, 6146, 1265, 1154, 7809, 2933, 5866, 6229, 7725, 666, 8743, 3817, 7029, 6274, 8556, 7962, 63, 8963, 6404, 7030, 4807, 6422, 2495, 6296, 909, 3504, 7288, 3595, 161, 7466, 7663, 9582, 78, 6832, 704, 6451, 1481, 596, 7834, 2040, 93, 334, 1609, 9807, 4605, 8951, 8262, 3657, 1576, 6105, 7391, 1298, 4932, 9084, 8837, 9113, 1744, 8601, 301, 8491, 4284, 1929, 2381, 6547, 4586, 6053, 1374, 9642, 5132, 3566, 4415, 7205, 4861, 8635, 7514, 3480, 44, 142, 4578, 8608, 6215, 9454, 1501, 1645, 691, 192, 7091, 5185, 7102, 3418, 9964, 1866, 7314, 3100, 4968, 1558, 7929, 7767, 4412, 3573, 5045, 1621, 8694, 3623, 656, 5514, 3042, 8805, 3209, 1140, 7504, 1908, 6395, 9437, 3765, 5030, 2106, 4054, 361, 9907, 5040, 1987, 2643, 2428, 2566, 4760, 8229, 6223, 5060, 4692, 6794, 951, 1245, 2213, 5933, 2481, 8352, 8668, 7347, 9548, 4506, 4343, 3352, 7679, 6782, 4779, 9616, 7788, 6736, 1860, 3797, 9143, 2121, 3649, 9270, 5193, 9204, 2205, 4973, 65, 5537, 4875, 3755, 2929, 8253, 7482, 4736, 96, 4203, 124, 4151, 9180, 9348, 3343, 1555, 788, 9972, 9702, 2112, 9152, 5988, 662, 9231, 1739, 9495, 5535, 153, 1153, 4644, 9157, 4611, 9740, 6953, 4604, 3805, 8096, 1891, 9956, 1790, 1719, 2991, 6303, 7686, 5497, 7515, 2216, 9375, 6611, 2368, 6600, 364, 9462, 2761, 51, 8403, 7173, 5554, 7023, 8834, 6834, 8791, 431, 8338, 7729, 8752, 763, 7428, 6503, 4604, 7080, 6379, 4429, 4594, 394, 7256, 7442, 923, 9099, 8855, 8731, 5718, 5676, 2129, 9770, 4415, 6597, 8557, 3632, 30, 2670, 7745, 5676, 7466, 4149, 1009, 143, 2410, 6756, 8518, 5986, 4296, 5940, 7218, 4015, 8925, 7762, 9905, 2052, 4544, 3774, 2797, 1997, 2786, 4997, 4110, 9501, 6931, 9004, 6561, 5382, 4240, 264, 5691, 7058, 9868, 7827, 7168, 6061, 3540, 4860, 9791, 3424, 5320, 4440, 3581, 6926, 5063, 2180, 2784, 9567, 1242, 1993, 5815, 9256, 8060, 169, 9108, 4924, 3538, 8990, 1305, 7232, 7519, 3147, 2665, 6972, 211, 3231, 4031, 3329, 8999, 2002, 6262, 6792, 3109, 7206, 2390, 7360, 1589, 641, 3507, 9464, 3564, 9357, 387, 1742, 7857, 9530, 5324, 6599, 2346, 9434, 2941, 6076, 2919, 7905, 9924, 6194, 8003, 4519, 9403, 6648, 8652, 8077, 3753, 8368, 670, 5352, 8541, 2108, 9074, 3259, 7362, 9492, 5648, 4980, 6179, 6329, 9605, 1632, 7600]
[7858, 7563, 3, 5092, 3576, 5557, 1227, 8888, 1129, 2648, 6657, 7210, 1747, 9336, 4969, 503, 4843, 6492, 8117, 8250, 9150, 8046, 3282, 9921, 5182, 7339, 3867, 662, 9166, 4387, 2288, 8137, 2388, 2722, 4800, 9593, 9558, 9824, 1873, 8379, 3907, 92, 6077, 8472, 5390, 1878, 9653, 8798, 4868, 165, 1339, 2664, 4163, 4045, 5042, 5647, 1711, 1228, 3520, 1160, 5274, 244, 4486, 5656, 5041, 1169, 1366, 2439, 8630, 5232, 6462, 6935, 7813, 2133, 3148, 2777, 3497, 6118, 4239, 5540, 3018, 9073, 7369, 2147, 3189, 3851, 4001, 9322, 8417, 4112, 1666, 7435, 2679, 686, 4147, 101, 3568, 5096, 6636, 9499, 1835, 9424, 6077, 8116, 3545, 7844, 2307, 7060, 3919, 1681, 7215, 6248, 699, 320, 5759, 6396, 3746, 6847, 2069, 4568, 4865, 1349, 4201, 1978, 5055, 4950, 6937, 2546, 8246, 2270, 3665, 2368, 4319, 7408, 6529, 6815, 3285, 2090, 5758, 5695, 3162, 121, 8356, 7615, 5536, 5542, 4675, 5845, 6163, 3203, 201, 1884, 880, 7207, 9064, 4020, 8014, 9064, 1529, 2950, 2855, 5272, 6096, 3220, 4887, 2812, 4272, 7031, 483, 4500, 4794, 4537, 8443, 8917, 6535, 6204, 8397, 5638, 4085, 7382, 7796, 1612, 508, 1561, 6986, 6316, 7299, 3006, 259, 8764, 7355, 197, 8148, 9010, 1021, 4274, 5284, 3178, 9677, 455, 9767, 900, 5392, 4193, 7556, 5282, 4572, 563, 686, 8479, 2829, 3597, 287, 6778, 9933, 2810, 4542, 9500, 5199, 5309, 2143, 3981, 4261, 2098, 4862, 3209, 9072, 697, 5732, 6244, 8654, 8309, 4558, 8832, 9614, 1150, 7256, 7803, 5381, 5529, 5367, 42, 7222, 6109, 3881, 7568, 1069, 9318, 3723, 8835, 7775, 4390, 5753, 6734, 962, 8155, 8053, 1378, 829, 600, 4776, 9490, 3296, 9142, 4753, 2206, 7003, 7600, 5825, 839, 3344, 9993, 1319, 2317, 8706, 9864, 4735, 7846, 551, 5159, 8321, 1853, 8128, 4160, 3853, 704, 7260, 7811, 1401, 9327, 4665, 19, 3402, 5667, 3163, 8255, 5453, 3093, 7747, 7107, 5830, 5653, 4993, 9460, 3635, 5595, 6270, 3757, 1345, 7823, 1751, 5211, 5457, 5293, 6208, 9002, 719, 2024, 6880, 7095, 9294, 192, 359, 9600, 6005, 628, 512, 234, 2651, 3624, 2354, 9154, 2725, 2081, 9565, 6121, 8772, 4431, 5668, 7706, 7181, 220, 826, 5138, 145, 7024, 8656, 8077, 5024, 6659, 1971, 6714, 2983, 778, 6750, 5308, 7807, 1993, 8805, 2796, 2754, 1085, 9899, 8113, 3812, 4455, 8953, 1159, 9285, 5433, 3953, 5571, 5603, 8883, 6330, 5151, 5774, 5609, 4989, 9403, 3541, 6940, 974, 7949, 9923, 8124, 6412, 1539, 860, 6359, 5561, 9335, 9742, 6880, 9062, 9641, 832, 420, 428, 8364, 3769, 2152, 7597, 6118, 3228, 4631, 1326, 7308, 7318, 4077, 547, 5890, 5009, 4054, 7837, 9383, 6669, 5155, 564, 2601, 8456, 6184, 4639, 6471, 3886, 983, 9349, 2252, 856, 1675, 1256, 2082, 6394, 7773, 9325, 4609, 4877, 3829, 6047, 598, 2781, 9743, 3699, 9988, 1775, 728, 1724, 6178, 1599, 4365, 5207, 2776, 3564, 1482, 98, 3073, 7117, 8838, 6693, 2298, 3292, 332, 1529, 5300, 273, 4964, 3899, 564, 9735, 4944, 3186, 3996, 3404, 6431, 8514, 8640, 1053, 8017, 2848, 8241, 7880, 7034, 941, 379, 8572, 7171, 3608, 6537, 7335, 8779, 3558, 6471, 6121, 8568, 4481, 5418, 8020, 4214, 9293, 698]
[6101, 2039, 3702, 4294, 6616, 8393, 9925, 7763, 2181, 9681, 4440, 4259, 2630, 5207, 3004, 5532, 1026, 9369, 4076, 9803, 444, 1110, 9971, 7880, 9490, 2022, 5322, 8156, 1234, 4753, 262, 1692, 3751, 37, 8538, 3696, 729, 3994, 6014, 6219, 4976, 7672, 5389, 6258, 4892, 6735, 7066, 7264, 78, 9150, 459, 6834, 1171, 643, 3029, 5166, 3113, 8094, 8416, 7907, 2439, 6301, 2085, 703, 1148, 7892, 6242, 9798, 2947, 6075, 9420, 6588, 6988, 8469, 4409, 6947, 7442, 7572, 2580, 3740, 9310, 423, 8259, 5818, 412, 4718, 7375, 6813, 2627, 2686, 9266, 102, 245, 1862, 538, 2763, 5421, 3571, 1099, 9028, 5846, 7139, 8793, 2176, 6335, 3625, 5871, 9503, 8866, 344, 35, 5847, 8301, 66, 3436, 8913, 9852, 6795, 5052, 6866, 7704, 4835, 457, 279, 4399, 1119, 3256, 8726, 3924, 9411, 8594, 6970, 1481, 3180, 4125, 1299, 2850, 213, 4040, 8579, 5584, 784, 4675, 4324, 6692, 8060, 2248, 8286, 2986, 7116, 2832, 7081, 3908, 4524, 9340, 8080, 2013, 6879, 2550, 6893, 5719, 1303, 1401, 9391, 980, 7222, 2928, 5396, 1079, 1729, 86, 8379, 4787, 7284, 3689, 6257, 7075, 8897, 2818, 4011, 9602, 2721, 5526, 6571, 5495, 4132, 6569, 9986, 6081, 5263, 1431, 8028, 6057, 7659, 2912, 3877, 5314, 4707, 5435, 8494, 8466, 849, 8991, 3420, 1459, 1610, 9779, 2653, 7161, 3337, 4606, 8559, 7840, 990, 9340, 5858, 355, 1568, 304, 9998, 365, 4512, 6315, 872, 3266, 5759, 1815, 4501, 8311, 7667, 2956, 5832, 4574, 1088, 6587, 2751, 1381, 671, 3873, 8052, 2049, 8810, 267, 8595, 9735, 2686, 1870, 7995, 6248, 2259, 6985, 2551, 9797, 2182, 9521, 963, 1979, 9232, 3176, 8561, 5896, 6271, 1296, 4199, 4294, 571, 5133, 7770, 6186, 1757, 120, 8328, 9047, 6903, 523, 3705, 5540, 9849, 2237, 9451, 8114, 1392, 1070, 7265, 2846, 966, 3861, 8866, 9635, 1830, 3688, 9738, 4585, 1048, 4443, 967, 2684, 5987, 9203, 5692, 1606, 5439, 2686, 4404, 8807, 8337, 4654, 2619, 1485, 8960, 8752, 5705, 3341, 8138, 5774, 4548, 5, 6779, 7292, 3647, 69, 921, 9329, 4662, 5183, 4514, 2361, 5459, 2989, 2729, 1347, 1621, 5591, 5192, 2706, 8767, 6986, 8143, 5442, 7298, 4987, 3037, 452, 5767, 6011, 5787, 3513, 8087, 8813, 8302, 9518, 855, 3746, 5787, 5089, 4254, 6322, 797, 3347, 8443, 3949, 8235, 8614, 8799, 330, 5160, 3926, 1759, 6155, 3294, 7129, 380, 4553, 6982, 6176, 5325, 1703, 1617, 9172, 5787, 293, 6767, 5403, 8630, 5208, 3806, 6876, 7836, 5802, 1426, 9231, 185, 7598, 6984, 8613, 1728, 3526, 1724, 8303, 2600, 8565, 5186, 9035, 2509, 6384, 4261, 3421, 6299, 1909, 2603, 3163, 5196, 5543, 9059, 4793, 7135, 7933, 3854, 4740, 148, 1978, 7101, 6514, 1959, 1333, 3831, 8681, 7604, 934, 7862, 1005, 9140, 6612, 2341, 4484, 4672, 1272, 5647, 6342, 7660, 2600, 9108, 9038, 9666, 6484, 6869, 6302, 539, 8249, 5183, 1535, 3947, 8381, 8934, 638, 617, 2732, 3371, 9953, 987, 8415, 1384, 7599, 2158, 7930, 4975, 1454, 4299, 5529, 4012, 4994, 9755, 227, 7188, 5882, 6966, 4058, 2127, 4001, 6605, 9124, 9434, 7980, 3680, 1727, 2581, 926, 1100, 6557, 5912, 1204, 9995, 7656, 6787, 4167, 5745, 9340, 9854, 8432, 6243]
[9523, 3608, 7074, 929, 5225, 3038, 7054, 1653, 6575, 6651, 3526, 5398, 6483, 8957, 277, 1069, 6908, 3809, 904, 7281, 5953, 3054, 7132, 5245, 6555, 3061, 9754, 9508, 1229, 8859, 269, 4770, 1725, 7726, 7828, 1346, 2776, 6679, 2227, 1466, 8491, 5631, 6283, 5223, 8101, 7616, 251, 8178, 2954, 5711, 4087, 5991, 3068, 5634, 9367, 8868, 859, 5910, 2483, 9336, 903, 2748, 7126, 9943, 117, 5797, 773, 3552, 4020, 9187, 5935, 8091, 6812, 5282, 535, 7045, 2397, 7627, 1000, 7720, 5441, 5463, 7568, 1577, 7659, 9247, 2160, 7984, 2504, 8956, 776, 1602, 1147, 6666, 8346, 1179, 4403, 2443, 4405, 8086, 8290, 760, 4943, 2733, 2947, 1919, 721, 928, 1408, 1516, 1722, 4705, 3621, 5640, 6559, 1582, 8473, 1981, 7732, 6574, 8553, 5725, 7757, 9601, 8933, 4755, 2123, 2924, 872, 1474, 3177, 4056, 9755, 8223, 5387, 2582, 8362, 9323, 8563, 463, 1522, 9060, 8979, 15, 9992, 8570, 4075, 4999, 5962, 8464, 3677, 6859, 9267, 6493, 2988, 1060, 9015, 4195, 8890, 2506, 4804, 433, 9720, 1672, 2328, 4819, 5606, 9158, 7423, 3135, 9997, 2253, 7162, 8929, 774, 8745, 4374, 1116, 8030, 5095, 4228, 4641, 8760, 3105, 8177, 2092, 1799, 6279, 109, 4125, 6673, 5462, 5519, 291, 8932, 8923, 7355, 2139, 3071, 8818, 7105, 216, 9732, 2898, 3029, 2415, 6194, 5265, 8086, 4732, 2067, 8912, 7842, 9067, 6040, 4915, 6987, 6108, 4261, 3613, 5601, 4781, 4018, 3204, 2459, 7920, 1317, 9116, 8276, 9053, 9239, 350, 9986, 5730, 8080, 1163, 500, 2624, 2228, 1750, 102, 4790, 3501, 8737, 6643, 9648, 3844, 8070, 6242, 1177, 8129, 316, 6442, 9713, 1183, 8394, 7702, 6190, 1383, 4706, 9917, 6312, 6491, 9256, 7114, 9036, 388, 15, 4586, 4419, 9960, 6803, 2216, 4841, 3368, 9778, 6157, 160, 5176, 2794, 604, 6802, 3740, 2155, 1930, 1651, 133, 8475, 8613, 8521, 237, 1121, 5050, 79, 1329, 2597, 2681, 6154, 8449, 8969, 8914, 1496, 612, 4113, 8181, 1943, 3408, 9874, 4373, 1540, 6846, 7899, 3063, 4982, 7925, 7780, 9930, 6140, 9540, 8991, 314, 4895, 2450, 469, 3199, 8312, 710, 6399, 5313, 525, 247, 2779, 1245, 431, 1819, 4817, 4780, 3498, 6970, 9722, 3332, 7727, 9421, 8696, 3678, 9643, 1795, 5196, 3949, 3371, 971, 3417, 3863, 2468, 4155, 9758, 3128, 516, 4090, 1893, 6443, 3513, 4608, 8829, 2238, 4514, 8676, 2295, 5846, 9530, 5853, 1133, 3553, 3247, 439, 5467, 6391, 6114, 5552, 3797, 8355, 1328, 2057, 6342, 3447, 565, 4454, 778, 8894, 7791, 879, 6442, 3124, 2776, 3507, 6399, 413, 986, 266, 7185, 1517, 3617, 6476, 2370, 6452, 3058, 8812, 7666, 914, 3216, 6000, 7534, 7634, 4965, 7097, 7747, 7449, 5058, 2564, 7427, 6286, 2439, 2828, 9224, 2944, 6922, 1315, 3301, 9760, 7382, 1531, 8489, 9013, 6247, 6972, 9855, 5964, 3461, 2535, 478, 3101, 1772, 2626, 6008, 6363, 1193, 1085, 9817, 8747, 5401, 4751, 4407, 2700, 2409, 4975, 150, 3695, 2566, 8385, 5803, 9587, 4888, 2654, 378, 490, 8317, 1395, 958, 864, 8288, 860, 2122, 4770, 1083, 2259, 1774, 7520, 7100, 891, 3725, 2543, 5286, 9177, 3008, 7887, 9577, 465, 1921, 7139, 2978, 7010, 3525, 2590, 1898, 48, 7866, 8315, 8977, 8698, 2577]
[5643, 7438, 7453, 4229, 831, 7468, 4774, 2969, 9684, 6635, 3815, 6120, 1938, 2033, 7776, 4492, 9075, 1980, 2780, 6504, 6639, 3755, 5533, 1715, 919, 6631, 6323, 1371, 1400, 6594, 5856, 1314, 754, 6054, 922, 3653, 5489, 7005, 7915, 6193, 412, 229, 6744, 2960, 9538, 4892, 7020, 4763, 6117, 2573, 5475, 2602, 6459, 6032, 848, 6690, 3068, 9055, 6048, 2829, 6436, 9211, 6711, 765, 7604, 5005, 198, 3499, 115, 1026, 7262, 8059, 1116, 2786, 2408, 9662, 3926, 9409, 7325, 4202, 7068, 7540, 4037, 4502, 7844, 3751, 8321, 4859, 8318, 3288, 5857, 5215, 4794, 5991, 6008, 6808, 1942, 3724, 9276, 9977, 6947, 8991, 1977, 2525, 7855, 7527, 1887, 9988, 8287, 5570, 8418, 4211, 3528, 2633, 5196, 8726, 7087, 1799, 1370, 6844, 3092, 5519, 9832, 9766, 7781, 3649, 4034, 1437, 7011, 369, 6330, 7913, 4583, 1892, 1504, 6064, 2669, 7542, 565, 6718, 4208, 8685, 1851, 3442, 5448, 3068, 2162, 5790, 9379, 2344, 7166, 9631, 8286, 2546, 7912, 5182, 4561, 6885, 9810, 9380, 1931, 7783, 1841, 2687, 1433, 9177, 9957, 6182, 6462, 3312, 7197, 1722, 6192, 2118, 9029, 7220, 4567, 5687, 7442, 2224, 686, 9396, 6621, 8072, 1099, 4605, 1766, 8153, 7489, 1425, 3237, 6570, 7488, 7431, 6697, 3126, 3202, 2514, 4628, 402, 2097, 249, 7314, 8564, 1434, 8707, 5922, 2476, 231, 5268, 2099, 7188, 4442, 8149, 6321, 1161, 4058, 9448, 7679, 4750, 46, 2304, 2823, 6228, 4403, 6985, 2224, 5656, 3626, 4038, 4770, 4112, 6214, 451, 1918, 7470, 290, 1882, 3524, 768, 4407, 9848, 3128, 7119, 5787, 5298, 4514, 1358, 9878, 7884, 8335, 7742, 6998, 7985, 2966, 6680, 7595, 2320, 8737, 3065, 7271, 1475, 8564, 6237, 1949, 6956, 9434, 5142, 838, 8239, 4716, 6729, 9832, 4888, 1623, 5576, 3335, 7929, 1582, 9279, 3788, 3906, 6305, 1776, 240, 5508, 8696, 9196, 2646, 8813, 8228, 776, 8942, 5086, 6790, 1340, 1724, 1404, 4736, 231, 5411, 7354, 8884, 508, 6124, 5379, 6509, 4252, 7626, 1875, 358, 9991, 2407, 5837, 8653, 8337, 219, 8577, 3367, 827, 2217, 7193, 9303, 821, 5727, 6390, 3328, 4104, 9552, 9, 5660, 8051, 9938, 7623, 9028, 5697, 3487, 220, 7017, 4586, 4185, 5564, 2922, 9992, 3190, 5647, 5238, 7361, 8297, 3176, 3229, 3351, 9647, 3119, 3301, 4922, 1426, 4628, 3883, 6464, 6887, 5503, 8810, 9874, 198, 1380, 5801, 8980, 8048, 2809, 8746, 3186, 1822, 6266, 1615, 6482, 2705, 9450, 1286, 6020, 6756, 4943, 7035, 3054, 1083, 1793, 2933, 4819, 3465, 4006, 5170, 6009, 1800, 8752, 9250, 9149, 4050, 828, 1051, 6154, 3627, 2555, 4686, 9030, 8486, 4868, 7310, 9388, 3814, 2098, 6811, 5744, 9229, 1539, 5065, 9494, 5346, 5201, 6548, 2646, 9269, 6306, 1430, 1589, 8362, 8520, 1378, 3959, 7458, 2013, 3101, 1427, 4926, 4922, 968, 9303, 8962, 8361, 9294, 9101, 2728, 1043, 2343, 7758, 3626, 132, 1705, 8647, 6811, 404, 5924, 3756, 9327, 6684, 7292, 4763, 9091, 8789, 6436, 9263, 9897, 9757, 9561, 5722, 4877, 5579, 3365, 52, 4342, 1392, 8123, 782, 4004, 1269, 5463, 117, 6528, 8022, 1227, 1895, 5107, 9774, 136, 9554, 4824, 4734, 4139, 7621, 6040, 8722, 5960, 689, 7710, 7138, 7593, 6173, 2288, 2947, 9641, 4639]
[4288, 6747, 5967, 5252, 7670, 7281, 174, 1021, 245, 1054, 8101, 8111, 7503, 5555, 2948, 2074, 157, 681, 8268, 9399, 4423, 2008, 8788, 1043, 2572, 2293, 6362, 1923, 9319, 7882, 6218, 2392, 3801, 6496, 4641, 8225, 468, 3466, 5495, 1884, 6819, 5507, 9, 2376, 8911, 2295, 3263, 327, 3666, 1865, 7963, 9264, 3668, 800, 6256, 3205, 6332, 9740, 9820, 1001, 9340, 9421, 8989, 416, 1460, 9276, 1558, 3578, 3777, 7738, 1178, 7262, 6317, 4460, 8353, 6517, 806, 2982, 7311, 2712, 3193, 5729, 8372, 8036, 784, 1775, 3699, 2542, 443, 2754, 3352, 4488, 2413, 9665, 231, 9846, 2539, 6663, 1321, 6635, 9196, 7312, 9397, 9366, 6194, 9376, 1079, 9427, 1075, 5267, 4266, 1460, 8178, 4262, 5125, 8399, 2944, 5229, 9228, 6128, 5991, 5792, 3490, 2292, 9393, 8477, 3193, 7086, 9496, 8648, 5064, 2420, 1809, 2744, 6170, 5512, 8291, 1636, 9527, 1557, 5151, 8505, 3076, 2984, 7660, 9652, 5122, 6948, 2991, 7033, 2228, 2275, 3216, 5827, 2336, 6331, 7801, 9052, 8938, 627, 5186, 674, 7359, 3615, 4888, 98, 2316, 4460, 3982, 1814, 6926, 7429, 7526, 5640, 6751, 4526, 5539, 1832, 6826, 4501, 1630, 4136, 9491, 3720, 413, 5205, 4497, 2714, 5576, 8406, 4931, 1581, 4412, 6275, 2538, 2380, 79, 6892, 2062, 3683, 2429, 813, 2134, 2007, 7798, 9286, 6209, 1606, 8698, 2921, 8589, 5420, 2957, 2583, 4981, 3360, 6811, 6123, 6964, 7790, 5202, 2772, 989, 828, 9865, 4472, 6657, 5024, 6338, 609, 7045, 3061, 5488, 9143, 3211, 4030, 828, 368, 2581, 826, 368, 3295, 5092, 8969, 7105, 8652, 7391, 8055, 363, 4748, 1978, 7653, 5907, 7910, 8868, 4903, 4369, 7798, 3165, 7832, 6934, 4463, 7, 1427, 5026, 3070, 7138, 4724, 9352, 3992, 258, 7088, 2258, 8682, 5624, 9953, 6187, 8490, 3682, 4535, 606, 3393, 2741, 5136, 3335, 187, 8575, 3305, 4105, 7361, 2661, 944, 5135, 7420, 5946, 1640, 3132, 5323, 4806, 4426, 6763, 7083, 7680, 4015, 2175, 8106, 420, 592, 8596, 9248, 2673, 6840, 7724, 10000, 8614, 1246, 8643, 9260, 546, 2822, 6949, 4684, 1309, 6050, 987, 1033, 7798, 9311, 5600, 3117, 8874, 3187, 2429, 304, 2159, 7948, 794, 7257, 2033, 9724, 8125, 6686, 7288, 522, 8884, 9249, 9618, 8323, 3929, 6289, 7514, 5058, 800, 5336, 4641, 5803, 1611, 4486, 8312, 4049, 5636, 3595, 6476, 204, 5148, 2905, 9179, 8148, 5265, 9403, 2751, 9064, 7560, 1142, 3177, 5052, 3388, 9970, 5648, 2995, 3572, 4419, 2976, 2781, 1611, 6837, 3689, 9182, 3802, 4678, 6779, 9897, 7839, 2155, 3916, 9014, 4792, 1796, 319, 4223, 6984, 1968, 5580, 7881, 2440, 562, 6822, 3699, 9073, 274, 9021, 2473, 3041, 2256, 7262, 2539, 7411, 8524, 7301, 7734, 3027, 1383, 5731, 6582, 8362, 6931, 9468, 8803, 8491, 4583, 8873, 1125, 1778, 993, 9943, 5573, 1878, 3492, 3279, 4740, 8780, 9343, 4677, 647, 2934, 8032, 5456, 5135, 5658, 5292, 2791, 3052, 5212, 6415, 2833, 7419, 5751, 6038, 692, 7234, 7565, 9292, 3873, 2210, 5058, 7755, 6241, 9604, 529, 9814, 3266, 4624, 7035, 584, 2656, 9290, 5644, 1223, 7877, 2287, 2646, 2119, 2976, 8411, 7109, 4548, 7961, 3723, 6788, 9493, 6487, 8795, 5425, 8025, 368, 7961, 9362, 3843, 9902, 3761]
[9034, 8430, 5405, 1033, 793, 6694, 5803, 1727, 3772, 5136, 9556, 3759, 9980, 3795, 1613, 5507, 1472, 3399, 1366, 4481, 2470, 8989, 5185, 6936, 9248, 1896, 6151, 5677, 6866, 6310, 5059, 3629, 2399, 9384, 1078, 5467, 3063, 5243, 8520, 4178, 7643, 4608, 1290, 7910, 7544, 838, 4419, 7265, 3130, 9651, 8249, 2254, 9370, 391, 9221, 1177, 8902, 4619, 8330, 3785, 4050, 4683, 3801, 9438, 5605, 5608, 4552, 2718, 4144, 2555, 4745, 5707, 9370, 56, 1214, 6279, 7968, 3622, 9852, 2115, 9643, 5774, 9756, 6814, 2465, 3753, 6675, 6962, 9837, 8407, 766, 5116, 5604, 7053, 737, 8950, 3657, 1469, 7186, 144, 8929, 94, 9725, 3280, 8161, 8747, 4952, 8160, 97, 796, 8825, 8472, 5450, 3014, 9319, 92, 7130, 7518, 8253, 4615, 9505, 9632, 9487, 5422, 9038, 5310, 4285, 3991, 1881, 8732, 7259, 3528, 662, 4692, 7618, 2097, 999, 2185, 7767, 1925, 4259, 3057, 2963, 2983, 5756, 6767, 3688, 5837, 2473, 3987, 6024, 1675, 1553, 148, 8805, 7473, 5065, 7893, 4238, 3103, 328, 1394, 4246, 4905, 5052, 6027, 1299, 5658, 4707, 3108, 8604, 7870, 7127, 8380, 9100, 7152, 103, 6889, 3212, 2002, 2846, 5671, 5753, 4816, 1261, 155, 2380, 9687, 6844, 307, 371, 4759, 5555, 4928, 3039, 2532, 9389, 1388, 5995, 374, 7801, 6326, 3472, 5858, 2211, 796, 8164, 4723, 4090, 5533, 8668, 5472, 4278, 1959, 7791, 4677, 4338, 1826, 713, 9941, 9760, 2167, 924, 9920, 7417, 3708, 4918, 1924, 2189, 4000, 9101, 1635, 4679, 8297, 1485, 2635, 7546, 4108, 8229, 9900, 2685, 1201, 7952, 2680, 793, 3134, 6867, 2793, 905, 3908, 6322, 7974, 6980, 9364, 3309, 8074, 5553, 3458, 6071, 6847, 5177, 1569, 8883, 5498, 889, 9873, 1318, 4817, 4997, 8119, 5382, 444, 8569, 8349, 2122, 4934, 9974, 3560, 376, 7129, 103, 1078, 1939, 9956, 8505, 191, 3389, 6207, 688, 6209, 9806, 9458, 3587, 8778, 6219, 6360, 6555, 1421, 7548, 9831, 4664, 7674, 2067, 1486, 1522, 2414, 9329, 7407, 3791, 8089, 801, 5630, 5116, 8851, 9841, 1906, 445, 3076, 9460, 3501, 3151, 3059, 3536, 3531, 1350, 7208, 397, 5316, 50, 7801, 6886, 7509, 4500, 7338, 7802, 7073, 4106, 6395, 4949, 1162, 1303, 2388, 6014, 9960, 9998, 5705, 4892, 2925, 3006, 1346, 5471, 7510, 7244, 4602, 6048, 513, 4932, 9451, 7079, 7010, 5735, 9917, 2244, 4648, 9941, 8516, 5974, 2451, 7377, 3098, 8131, 7265, 8691, 6138, 5984, 5752, 4492, 3585, 5689, 5224, 6844, 9206, 9086, 4477, 8606, 6854, 2051, 1920, 9128, 9546, 5567, 1954, 6748, 4714, 5360, 4985, 9633, 8081, 4212, 8810, 9768, 9853, 8836, 6648, 5895, 6076, 2837, 3484, 8586, 6337, 137, 7854, 545, 4345, 4959, 504, 2410, 3598, 1402, 9730, 8784, 9222, 9732, 7771, 5389, 1456, 6070, 7312, 6318, 650, 4659, 2489, 9464, 3286, 2267, 5321, 9944, 6623, 3738, 7435, 1264, 4316, 8781, 546, 2847, 7507, 8707, 1636, 4346, 5282, 4590, 1136, 9386, 6111, 1460, 4825, 3620, 5367, 5591, 4168, 6441, 3267, 184, 7238, 2516, 8109, 1288, 67, 482, 9878, 3404, 9384, 4505, 542, 6314, 714, 4300, 2680, 661, 1051, 3164, 8636, 3532, 3872, 9845, 9139, 8724, 7541, 888, 1058, 9795, 6429, 7491, 6084, 8377, 1399, 2014, 8637, 1340, 2010]
[7792, 6133, 5030, 301, 8834, 8358, 2885, 3656, 8018, 6512, 9336, 4404, 9404, 6418, 2971, 7788, 1501, 6067, 6468, 8378, 5797, 8717, 6635, 9976, 6359, 1987, 5484, 6734, 7022, 269, 4494, 550, 2606, 3663, 7344, 3948, 3236, 8152, 6767, 6642, 594, 162, 80, 8263, 4197, 2785, 6807, 2592, 4775, 1296, 3654, 6723, 8738, 2748, 4595, 465, 657, 885, 3207, 4328, 5366, 6071, 1344, 7207, 1462, 6107, 3653, 352, 6601, 3283, 6559, 4618, 6600, 4722, 4739, 1736, 2659, 4675, 9850, 7016, 2325, 9342, 1057, 1019, 1523, 6886, 7379, 8859, 7157, 7736, 5579, 6696, 6331, 9518, 7992, 4258, 3208, 908, 6400, 92, 3797, 2556, 7404, 3524, 3046, 4496, 5222, 5793, 666, 8930, 9343, 8574, 2752, 8147, 8634, 421, 3206, 2554, 4057, 387, 2008, 1851, 1855, 3291, 9881, 4538, 1853, 3481, 6670, 9901, 4515, 4256, 9194, 6036, 4522, 5923, 550, 3747, 6015, 3241, 9830, 9934, 3824, 8948, 1708, 7128, 9916, 843, 5343, 3415, 9686, 5640, 708, 2998, 7473, 186, 6101, 5488, 3242, 5786, 8104, 1787, 4177, 3274, 6558, 8376, 9363, 8013, 7155, 650, 7908, 9737, 3029, 2218, 5613, 3446, 4658, 7182, 146, 4753, 6927, 2537, 468, 3277, 9134, 5026, 1234, 6221, 6754, 8227, 1182, 2369, 8697, 453, 5919, 5381, 8557, 3751, 8622, 936, 2709, 7786, 4604, 9644, 3742, 3148, 3176, 4818, 4331, 2932, 6879, 9128, 2904, 6590, 7022, 1458, 1226, 3555, 8452, 4899, 9467, 6240, 6916, 4639, 9266, 4798, 2072, 5873, 2066, 9294, 4844, 9025, 2095, 5633, 1219, 2259, 5126, 163, 3154, 7493, 6276, 2107, 2504, 3510, 9770, 8454, 7006, 7327, 2904, 3113, 800, 278, 3462, 8742, 8717, 1943, 3634, 4358, 3963, 9402, 9360, 8027, 2471, 3418, 7170, 2118, 4951, 2672, 8061, 8151, 9521, 5765, 9591, 4487, 8410, 2514, 50, 6761, 6653, 3048, 8982, 2156, 6795, 7003, 5529, 1784, 3008, 2598, 6150, 5077, 6612, 9376, 4734, 8018, 1211, 5862, 2399, 8393, 6219, 2589, 4391, 5057, 7438, 8958, 5253, 5485, 6078, 7788, 7009, 3294, 3444, 3920, 6331, 7575, 4114, 4671, 4707, 1910, 2663, 5890, 416, 8723, 241, 8139, 1548, 8643, 1644, 4848, 7771, 5197, 1918, 6741, 4616, 6931, 6424, 8081, 7058, 3605, 1183, 5317, 3274, 2721, 335, 7439, 5436, 7372, 2051, 313, 5187, 7431, 8671, 8612, 1540, 45, 1735, 3937, 3837, 1254, 920, 6081, 4113, 9635, 178, 3915, 4578, 3911, 6821, 4792, 5899, 96, 7805, 924, 1539, 2305, 4761, 6868, 5472, 5394, 8049, 6647, 4478, 4518, 4728, 9438, 1270, 2336, 1135, 650, 5998, 4338, 9896, 7913, 855, 1954, 2316, 6906, 8096, 536, 9258, 2617, 8701, 8004, 8707, 5719, 2836, 4012, 2869, 6664, 1786, 2421, 5540, 6671, 9811, 6874, 4192, 3257, 5026, 7263, 8183, 1022, 8754, 6954, 7877, 7379, 597, 6800, 4070, 6122, 7076, 789, 6565, 4125, 2820, 1349, 6500, 5137, 4282, 408, 3928, 3248, 3639, 5168, 7685, 5568, 9909, 8712, 2300, 5072, 8715, 7449, 4519, 9387, 6458, 8279, 567, 2289, 1129, 3156, 56, 3587, 7994, 2382, 7216, 8331, 3898, 1465, 4308, 746, 1048, 5571, 5413, 3867, 4957, 760, 388, 9059, 8428, 8607, 4109, 2701, 3260, 8804, 3562, 8227, 9088, 3507, 2805, 4878, 3025, 7764, 2435, 8569, 1823, 7919, 8721, 5158, 573, 6797, 5631, 12]
[4333, 1276, 2179, 7069, 4001, 8212, 7735, 2169, 9873, 1953, 2462, 1047, 6306, 9694, 8509, 9961, 2811, 7699, 7659, 4040, 9543, 1825, 9814, 5828, 9266, 2698, 1674, 391, 9808, 5128, 9265, 1464, 7519, 9578, 7937, 2920, 3396, 7292, 5316, 4910, 5427, 7607, 3991, 3080, 825, 8445, 5689, 2049, 3039, 8968, 1492, 1378, 2362, 7053, 8147, 2741, 2852, 9464, 3342, 4472, 6517, 1657, 6685, 1935, 5968, 4275, 9221, 8519, 8644, 8170, 9535, 5525, 1552, 2053, 9267, 8566, 7737, 7728, 285, 3766, 8221, 739, 834, 5905, 1391, 9949, 1641, 273, 49, 8226, 2492, 4797, 193, 7671, 3815, 1427, 201, 3816, 4173, 3154, 9045, 1909, 6303, 583, 1918, 5472, 9234, 7152, 9032, 9037, 4295, 399, 957, 305, 8846, 3939, 5466, 1635, 3646, 9936, 6422, 8946, 7375, 6505, 6423, 3796, 635, 6669, 2442, 4764, 2199, 1432, 7081, 603, 7686, 2720, 4900, 8906, 502, 3585, 961, 438, 9589, 8745, 4183, 5119, 5684, 3729, 7578, 9748, 4114, 3736, 8995, 6415, 5456, 6809, 7053, 190, 4152, 7408, 6668, 5943, 2849, 8762, 3027, 9622, 8846, 6182, 5330, 9151, 9766, 3932, 5039, 2494, 3205, 7510, 7650, 7343, 5852, 2956, 1116, 4829, 7541, 5302, 6058, 6000, 8648, 1718, 8734, 8631, 7026, 202, 4164, 195, 8381, 6397, 1583, 5628, 883, 7917, 8630, 261, 7054, 8327, 5761, 740, 5727, 5027, 1737, 2877, 3574, 5537, 7163, 2402, 7207, 3126, 3272, 4806, 5597, 6658, 3384, 2421, 5343, 7130, 1641, 997, 388, 8483, 5863, 836, 172, 4880, 670, 8979, 2256, 5927, 2262, 5269, 2627, 1783, 6951, 1587, 5492, 9390, 1419, 3256, 9223, 3497, 3520, 9416, 6018, 8978, 3152, 5058, 9758, 1711, 1893, 8369, 4173, 2870, 9757, 6469, 7559, 3503, 2631, 9605, 7546, 5653, 3854, 6175, 5913, 9224, 9434, 7403, 322, 8341, 8149, 8145, 3655, 9994, 9756, 1050, 9427, 319, 5724, 7971, 9034, 2006, 4578, 6183, 7824, 3923, 8633, 3714, 9741, 7682, 4819, 982, 9942, 4864, 3717, 499, 8192, 6942, 6420, 1067, 7616, 6040, 1957, 8060, 9752, 262, 8550, 8761, 8312, 5900, 9980, 3168, 5217, 9722, 8392, 329, 8118, 3042, 6895, 4579, 5033, 3466, 7778, 5499, 3403, 2645, 8644, 6009, 2343, 2081, 2682, 1360, 7043, 8967, 5514, 5937, 6950, 2610, 1637, 108, 9490, 9495, 8879, 1012, 3487, 2513, 702, 4483, 6611, 5719, 2702, 9632, 7292, 1490, 3119, 8958, 6897, 7992, 6443, 4163, 8813, 8764, 5047, 5069, 3712, 1809, 4966, 3128, 6381, 7114, 7478, 6288, 4603, 3626, 1552, 1734, 5219, 1259, 7776, 626, 8009, 3333, 5360, 163, 5534, 4506, 1369, 8389, 1484, 9788, 8721, 2303, 3408, 1248, 369, 525, 6757, 8386, 1121, 4797, 9408, 1887, 6925, 5392, 1742, 5593, 6954, 1945, 905, 1279, 8375, 7079, 8382, 425, 574, 4516, 1385, 3668, 6834, 4209, 8188, 7033, 6755, 8591, 5290, 5128, 4803, 8946, 8121, 4530, 788, 2895, 1111, 5690, 2104, 504, 5005, 5584, 3094, 9394, 6171, 805, 1277, 9590, 7165, 1345, 9903, 5322, 5828, 6557, 5601, 6689, 3178, 8281, 6245, 8315, 3048, 2068, 8717, 550, 6743, 3337, 5296, 2794, 6014, 8389, 670, 5962, 9096, 1929, 6408, 8143, 4139, 1376, 6954, 8983, 877, 1563, 2414, 8313, 7153, 5201, 1948, 3593, 8319, 3959, 2640, 6165, 2207, 9040, 369, 573, 6652, 5984]
[2437, 9820, 5647, 1566, 105, 8769, 6894, 6063, 5637, 7421, 1120, 9271, 6248, 2226, 6180, 4414, 3758, 7501, 3144, 7080, 1746, 9084, 8887, 5615, 5724, 7438, 1222, 4689, 2997, 146, 560, 5250, 9990, 2387, 85, 5193, 3342, 1641, 7989, 195, 9224, 9127, 5911, 6586, 3995, 7104, 5102, 2579, 8064, 944, 3977, 806, 7838, 6731, 4939, 5024, 2146, 5850, 8681, 7730, 5910, 7466, 5134, 2706, 9128, 8519, 5848, 6434, 3522, 4822, 1990, 6107, 9417, 9905, 8369, 6958, 6153, 4621, 3119, 6311, 8258, 7877, 4350, 9597, 1458, 5992, 6312, 4517, 1050, 7020, 5611, 4842, 5395, 6005, 6642, 1990, 1910, 6687, 9101, 5469, 9911, 6879, 8769, 3594, 261, 9629, 4604, 9617, 3780, 2764, 227, 6226, 9018, 4226, 8682, 1102, 8986, 9384, 8722, 4977, 424, 4382, 9232, 3736, 3135, 5607, 5380, 7309, 7870, 5075, 3167, 9126, 8693, 7314, 5832, 3766, 6134, 5723, 4427, 2854, 2232, 9671, 2741, 8660, 2228, 5843, 5838, 7131, 6406, 4024, 7951, 9493, 6929, 9520, 7012, 2045, 303, 1261, 5904, 429, 3260, 5504, 6277, 7270, 1570, 4939, 3897, 1657, 1315, 6530, 6062, 5053, 4114, 750, 405, 5390, 4821, 8033, 802, 5898, 7961, 2491, 8099, 918, 2802, 66, 2670, 1818, 6216, 6835, 4055, 6177, 3218, 188, 5324, 7562, 5822, 2940, 1685, 1404, 3313, 7807, 2863, 7883, 3077, 9290, 3705, 9332, 1639, 36, 6880, 7197, 3551, 8556, 1568, 9946, 3121, 2391, 7813, 3340, 2610, 7207, 5890, 3544, 13, 789, 8216, 3833, 9089, 7143, 2205, 7367, 4167, 3194, 3046, 2992, 2059, 5342, 4128, 1851, 8970, 9217, 4712, 9488, 7543, 6905, 8326, 9760, 33, 3409, 4076, 6711, 6483, 3676, 4730, 459, 6791, 4776, 2051, 6107, 2652, 5988, 1187, 1053, 8535, 4947, 5491, 8199, 9050, 5289, 846, 6506, 1595, 6289, 5543, 4670, 9954, 1531, 9854, 1761, 7358, 5463, 6971, 5934, 1594, 2558, 1425, 9199, 6297, 2811, 5739, 1892, 1416, 4466, 9063, 2177, 1123, 1422, 8801, 1180, 4364, 1101, 4916, 4612, 7074, 1144, 1493, 1904, 5504, 7141, 5096, 4185, 575, 9897, 8424, 1743, 4859, 2719, 1418, 1493, 7223, 1144, 8919, 5685, 429, 1196, 2862, 3077, 4942, 2603, 3730, 2220, 913, 6563, 800, 1139, 918, 9460, 2999, 1291, 9139, 8280, 9367, 2535, 4483, 5263, 4003, 5834, 8959, 6044, 5276, 9206, 2656, 895, 5719, 7168, 9690, 7905, 6872, 9856, 3489, 4109, 145, 3252, 9643, 4281, 6674, 8492, 4158, 7278, 8989, 8799, 7908, 788, 2948, 4842, 9407, 4369, 9917, 9752, 2321, 7671, 888, 849, 3683, 4939, 42, 2489, 767, 6681, 9503, 3298, 223, 3893, 9395, 3772, 1858, 4340, 2233, 2397, 2992, 8969, 1137, 6397, 5306, 6999, 3793, 7106, 106, 8087, 3650, 1812, 8104, 4790, 3022, 5516, 6705, 1588, 7245, 1115, 9211, 4640, 6800, 5976, 8889, 6524, 6919, 470, 408, 5270, 8323, 9984, 5808, 9929, 1100, 3074, 3453, 5183, 9401, 3900, 6577, 7531, 496, 3801, 2181, 5533, 739, 1259, 3249, 7273, 3592, 1120, 9746, 3484, 794, 7198, 8409, 5005, 3891, 6094, 3100, 1698, 4886, 4521, 1008, 1562, 9856, 8466, 8571, 5774, 3037, 3000, 1238, 2832, 3073, 7143, 9164, 6196, 4493, 7572, 6725, 1779, 116, 9008, 7736, 7291, 7744, 4905, 6468, 8097, 6146, 1053, 7352, 6530, 2184, 9008, 3031, 7380, 21, 7879]
